book_id,chap_id,PC0,PC1,PC2,PC3,PC4,PC5,PC6,PC7,PC8,PC9,title,author,date,source_file_path,label,doc
244,1,-0.025562852607493865,0.02274872878248409,-0.11548480072804858,-0.02540105778468192,0.07212284186791636,-0.011863406930738285,0.05603028281257973,-0.08630879437099306,-0.0010599506442354786,0.013772061499682001,A Study in Scarlet,Arthur Conan Doyle,1887,pg244.txt,Arthur Conan Doyle: A Study In Scarlet,Arthur Conan Doyle: A Study In Scarlet 01
244,2,-0.021180671504667698,0.015589325791380447,-0.14179606563691147,-0.02882584526394675,0.10266734763667842,-0.013532740758136893,0.06190032989714484,-0.13472474334273477,0.0044396709370177175,0.01243640330620167,A Study in Scarlet,Arthur Conan Doyle,1887,pg244.txt,Arthur Conan Doyle: A Study In Scarlet,Arthur Conan Doyle: A Study In Scarlet 02
244,3,-0.025488096735972514,0.024233647939481597,-0.171161475653134,-0.03310890106261631,0.14683461076720253,-0.03148321100910441,0.09018811808393475,-0.2060720609986668,0.014003559256096133,-0.0015350316758243904,A Study in Scarlet,Arthur Conan Doyle,1887,pg244.txt,Arthur Conan Doyle: A Study In Scarlet,Arthur Conan Doyle: A Study In Scarlet 03
244,4,-0.02619608544623441,0.01863588659945035,-0.14373616003641765,-0.028388350564530197,0.1034100609319276,-0.013690733357627681,0.062355334666082764,-0.13164138309276135,0.004143204166568043,0.0015295057121045381,A Study in Scarlet,Arthur Conan Doyle,1887,pg244.txt,Arthur Conan Doyle: A Study In Scarlet,Arthur Conan Doyle: A Study In Scarlet 04
244,5,-0.030079443700209495,0.021174039398476847,-0.14985274428238496,-0.028878599092256565,0.10761546900633671,-0.023420618455288943,0.058916857261303905,-0.13486433522313016,0.0068810577387432145,0.007750987658776721,A Study in Scarlet,Arthur Conan Doyle,1887,pg244.txt,Arthur Conan Doyle: A Study In Scarlet,Arthur Conan Doyle: A Study In Scarlet 05
244,6,-0.019637887195782043,0.02254265074067472,-0.16079498249096588,-0.04372377733115,0.12435825121887477,-0.03171813735469458,0.09947844375871377,-0.20311153937697252,0.011633234348617924,-0.009365215985931983,A Study in Scarlet,Arthur Conan Doyle,1887,pg244.txt,Arthur Conan Doyle: A Study In Scarlet,Arthur Conan Doyle: A Study In Scarlet 06
244,7,-0.02854711213796624,0.03683864922328175,-0.1967160553225066,-0.04527472802060269,0.1780650041045681,-0.03970964209949483,0.09593086813910726,-0.24458972504014395,0.013630367135845086,-0.0045913571653142795,A Study in Scarlet,Arthur Conan Doyle,1887,pg244.txt,Arthur Conan Doyle: A Study In Scarlet,Arthur Conan Doyle: A Study In Scarlet 07
244,8,-0.024481592317215962,0.015762060487092385,-0.09608778753027139,-0.02380895177004776,0.03368899511873111,-0.0017143576493296897,0.07229700221869417,-0.027544936793106194,-0.01247056255634096,-0.004932369787980673,A Study in Scarlet,Arthur Conan Doyle,1887,pg244.txt,Arthur Conan Doyle: A Study In Scarlet,Arthur Conan Doyle: A Study In Scarlet 08
244,9,-0.019358720459027975,0.01272875055654225,-0.10283365995525894,-0.029958231490841765,0.03859613259717421,0.012418123437266107,0.09484576040175405,-0.05554986586684235,-0.010483334066101909,-0.02849381269891108,A Study in Scarlet,Arthur Conan Doyle,1887,pg244.txt,Arthur Conan Doyle: A Study In Scarlet,Arthur Conan Doyle: A Study In Scarlet 09
244,10,-0.018901005483829253,0.01626243121109258,-0.09541362244733878,-0.02730537073748306,0.03524149366869183,0.026681420757262722,0.09796832841999911,-0.04580305538174829,-0.014606303753526978,-0.03701341435256116,A Study in Scarlet,Arthur Conan Doyle,1887,pg244.txt,Arthur Conan Doyle: A Study In Scarlet,Arthur Conan Doyle: A Study In Scarlet 10
244,11,-0.02288352993992327,0.024661078933193997,-0.10923098838094998,-0.02989236721735138,0.055146523127235315,0.017125456663741396,0.09641614701565095,-0.07485626792725802,-0.018849301217335163,-0.025054125431476115,A Study in Scarlet,Arthur Conan Doyle,1887,pg244.txt,Arthur Conan Doyle: A Study In Scarlet,Arthur Conan Doyle: A Study In Scarlet 11
244,12,-0.022309870604016513,0.019845676223600364,-0.1200862970217658,-0.03194263213165981,0.05631195862087966,-0.0018560188923223099,0.09046631490773882,-0.0687943582224415,-0.0092520290301514,-0.005247657305636429,A Study in Scarlet,Arthur Conan Doyle,1887,pg244.txt,Arthur Conan Doyle: A Study In Scarlet,Arthur Conan Doyle: A Study In Scarlet 12
244,13,-0.016592357721055922,0.02193452704357894,-0.15306924345105566,-0.02935611296691428,0.11188278073559987,-0.006604515797104837,0.10198961369939077,-0.16867315814441544,0.005404296449238344,-0.003669796440634839,A Study in Scarlet,Arthur Conan Doyle,1887,pg244.txt,Arthur Conan Doyle: A Study In Scarlet,Arthur Conan Doyle: A Study In Scarlet 13
244,14,-0.016248340227279414,0.019884149702911292,-0.13942499706720837,-0.03891073242521318,0.1118469982540872,-0.020182377426415984,0.09027861279127875,-0.17336626354944043,0.007962306453458674,0.0026219943285709308,A Study in Scarlet,Arthur Conan Doyle,1887,pg244.txt,Arthur Conan Doyle: A Study In Scarlet,Arthur Conan Doyle: A Study In Scarlet 14
834,1,-0.020263615184335802,0.026619166548684778,-0.17467722756804877,-0.016549530519929023,0.09385200185637867,-0.027548670090704882,-0.017268741307518046,-0.06330203164241621,0.0074101887731308465,-0.008566910092748434,The Memoirs of Sherlock Holmes,Arthur Conan Doyle,1893,pg834.txt,Arthur Conan Doyle: The Memoirs Of Sherl,Arthur Conan Doyle: The Memoirs Of Sherl 01
834,2,-0.021709214035400635,0.01637119908815505,-0.13557483550852822,-0.01857799177252769,0.09124312998615386,-0.009850336061050655,0.04981454224907315,-0.10750091134790037,0.008174619917393176,-0.008137063266404967,The Memoirs of Sherlock Holmes,Arthur Conan Doyle,1893,pg834.txt,Arthur Conan Doyle: The Memoirs Of Sherl,Arthur Conan Doyle: The Memoirs Of Sherl 02
834,3,0.0011440572207011546,0.00984333316607877,-0.13389342684187375,-0.05469850073318919,0.11214423883239714,-0.024588738579874803,0.04428345447352019,-0.08094128784421234,0.012114631844555006,-0.014811619009873444,The Memoirs of Sherlock Holmes,Arthur Conan Doyle,1893,pg834.txt,Arthur Conan Doyle: The Memoirs Of Sherl,Arthur Conan Doyle: The Memoirs Of Sherl 03
834,4,-0.026513880980795514,0.02081806162174854,-0.13647508722275242,-0.018499870380409875,0.09158519893339995,-0.025610354969651902,0.05468652500735136,-0.08964948410903192,0.006868114460297334,0.00347148718011393,The Memoirs of Sherlock Holmes,Arthur Conan Doyle,1893,pg834.txt,Arthur Conan Doyle: The Memoirs Of Sherl,Arthur Conan Doyle: The Memoirs Of Sherl 04
834,5,-0.02002437216804558,0.02040976236390247,-0.10144987125252217,-0.02249980846371328,0.04507181318895603,-0.01309595415034052,0.056142702505382606,-0.04250581640673837,0.0012340434478819826,0.011462562723358943,The Memoirs of Sherlock Holmes,Arthur Conan Doyle,1893,pg834.txt,Arthur Conan Doyle: The Memoirs Of Sherl,Arthur Conan Doyle: The Memoirs Of Sherl 05
834,6,-0.019386847534946416,0.022624359844236486,-0.10028501352943214,-0.01401234590545053,0.06370628976863846,-0.018815492545158644,0.029445944412961982,-0.04768397699119479,-0.006084865992930542,0.003168457336784076,The Memoirs of Sherlock Holmes,Arthur Conan Doyle,1893,pg834.txt,Arthur Conan Doyle: The Memoirs Of Sherl,Arthur Conan Doyle: The Memoirs Of Sherl 06
834,7,-0.018504633121108484,0.027048752946823247,-0.17032453971596834,-0.005925076610790226,0.1030435982680274,-0.03623747583929659,0.047848801869753196,-0.14147072806145883,0.014015163967090932,-0.00026847961022454474,The Memoirs of Sherlock Holmes,Arthur Conan Doyle,1893,pg834.txt,Arthur Conan Doyle: The Memoirs Of Sherl,Arthur Conan Doyle: The Memoirs Of Sherl 07
834,8,-0.021155073037048288,0.013993913870876212,-0.1323904923472108,-0.014120025113844921,0.05978393485489758,-0.016194686768743662,0.020910129472028798,-0.056256988550269484,0.011279153729429864,-0.016401314666849486,The Memoirs of Sherlock Holmes,Arthur Conan Doyle,1893,pg834.txt,Arthur Conan Doyle: The Memoirs Of Sherl,Arthur Conan Doyle: The Memoirs Of Sherl 08
834,9,-0.018876297139333788,0.019868493648469633,-0.15408606471050107,-0.014117017682045582,0.13091986632123412,-0.026282031257562264,0.05006285285646429,-0.1312023367462567,0.014624227773642178,0.00534351441119721,The Memoirs of Sherlock Holmes,Arthur Conan Doyle,1893,pg834.txt,Arthur Conan Doyle: The Memoirs Of Sherl,Arthur Conan Doyle: The Memoirs Of Sherl 09
834,10,-0.025345225568994444,0.019717057122036318,-0.14763783415963946,-0.02213937994058271,0.1152734886169886,-0.02899722555256182,0.06624643811415541,-0.10973146329645492,0.007834200885902245,0.012250662635679564,The Memoirs of Sherlock Holmes,Arthur Conan Doyle,1893,pg834.txt,Arthur Conan Doyle: The Memoirs Of Sherl,Arthur Conan Doyle: The Memoirs Of Sherl 10
834,11,-0.03226253606959691,0.027649142963386164,-0.19424103838926712,-0.03903960716380191,0.179304571662274,-0.03451577923136107,0.047306218144239395,-0.15624852307495588,0.020241209107849,0.0209612953134471,The Memoirs of Sherlock Holmes,Arthur Conan Doyle,1893,pg834.txt,Arthur Conan Doyle: The Memoirs Of Sherl,Arthur Conan Doyle: The Memoirs Of Sherl 11
863,1,0.07561020991013136,-0.02733732836637474,-0.0410677857114426,-0.006063766227543319,0.06703541227590004,0.54925276543118,0.0076977491692866735,0.015637747176234607,0.03582402864405642,-0.2667070766196889,The Mysterious Affair at Styles,Agatha Christie,1920,pg863.txt,Agatha Christie: The Mysterious Affai,Agatha Christie: The Mysterious Affai 01
863,2,0.09139131037979356,-0.03329157038675308,-0.01806980124096514,0.0067831583905720305,0.056408906723242516,0.5843305606406977,-0.005820791212581754,0.03169921114667685,0.03450008928686512,-0.28213175233766874,The Mysterious Affair at Styles,Agatha Christie,1920,pg863.txt,Agatha Christie: The Mysterious Affai,Agatha Christie: The Mysterious Affai 02
863,3,0.06419115278477967,-0.02019271170315808,-0.0472755070801104,0.0014381228237348859,0.07260503067682647,0.4440545373767722,-0.003103741275869484,0.019683146879324622,0.030068597880624697,-0.21327802368302165,The Mysterious Affair at Styles,Agatha Christie,1920,pg863.txt,Agatha Christie: The Mysterious Affai,Agatha Christie: The Mysterious Affai 03
863,4,0.21270440947897418,-0.08244618270265129,0.054149397211327464,0.013600780119669763,0.05561523113022088,0.476334187050208,-0.04723261887183533,0.02154187585589174,0.014293064395347738,-0.03658429047648407,The Mysterious Affair at Styles,Agatha Christie,1920,pg863.txt,Agatha Christie: The Mysterious Affai,Agatha Christie: The Mysterious Affai 04
863,5,0.28726552485095463,-0.10537335517101803,0.09852456098909575,0.02817652433412267,0.06392889573293885,0.6651901517654859,-0.050077225868915956,0.03544065962104079,0.014137658520808479,-0.09022428649740773,The Mysterious Affair at Styles,Agatha Christie,1920,pg863.txt,Agatha Christie: The Mysterious Affai,Agatha Christie: The Mysterious Affai 05
863,6,0.11400295886164767,-0.04052676117767191,-0.009913354658076655,0.016361570970528774,0.06680088402528143,0.5642843678837801,-0.015531056381178928,0.02684930834303708,0.028217970388036293,-0.22203489582156616,The Mysterious Affair at Styles,Agatha Christie,1920,pg863.txt,Agatha Christie: The Mysterious Affai,Agatha Christie: The Mysterious Affai 06
863,7,0.29169316202506856,-0.09718952937777826,0.1173106264730103,0.030640818747435596,0.05233980754955453,0.5858198697000917,-0.051064929566113255,0.03879456394778345,-0.00789319064137181,0.01330663717581007,The Mysterious Affair at Styles,Agatha Christie,1920,pg863.txt,Agatha Christie: The Mysterious Affai,Agatha Christie: The Mysterious Affai 07
863,8,0.271884917358206,-0.09706436005710038,0.09495569975708737,0.028494450488265176,0.0539785635577076,0.6549521540065653,-0.05432516010570919,0.04376085084923154,0.008484321712333062,-0.06817809715307395,The Mysterious Affair at Styles,Agatha Christie,1920,pg863.txt,Agatha Christie: The Mysterious Affai,Agatha Christie: The Mysterious Affai 08
863,9,0.16210551174590102,-0.053692175084753845,0.019120627750339538,0.007425962847998298,0.05204454291287915,0.5616733147112533,-0.013696740330333105,0.026790395520426682,0.018921270253798222,-0.18473945819468532,The Mysterious Affair at Styles,Agatha Christie,1920,pg863.txt,Agatha Christie: The Mysterious Affai,Agatha Christie: The Mysterious Affai 09
863,10,0.2853233380636471,-0.10078884081829247,0.10311702099307558,0.0035530855912256475,0.05882256463594325,0.51148775220324,-0.04986602029347624,0.0259450544906745,-0.0047524113027502006,0.021753968601504966,The Mysterious Affair at Styles,Agatha Christie,1920,pg863.txt,Agatha Christie: The Mysterious Affai,Agatha Christie: The Mysterious Affai 10
863,11,0.12964397759848506,-0.04193090897535874,-0.003819919716022556,-0.00301341730169329,0.06827885602095134,0.4965197870258234,-0.0031037557405041456,0.02017095966100906,0.02179476404643579,-0.16924055762276602,The Mysterious Affair at Styles,Agatha Christie,1920,pg863.txt,Agatha Christie: The Mysterious Affai,Agatha Christie: The Mysterious Affai 11
863,12,0.1649485770266329,-0.05713048592536786,0.021574209697878904,0.005760528885030686,0.06610200917572535,0.6626674966241808,-0.025759953748109247,0.027609669747407178,0.037139614163999364,-0.26698174782432926,The Mysterious Affair at Styles,Agatha Christie,1920,pg863.txt,Agatha Christie: The Mysterious Affai,Agatha Christie: The Mysterious Affai 12
863,13,0.20771369361547182,-0.07187485565346946,0.0438178010599006,0.006902176701766582,0.06553507119865325,0.720231019639162,-0.03444290326371429,0.04221734988153307,0.026497375548545754,-0.2361144288150462,The Mysterious Affair at Styles,Agatha Christie,1920,pg863.txt,Agatha Christie: The Mysterious Affai,Agatha Christie: The Mysterious Affai 13
1155,1,-0.033115071316740206,0.0007440140504314541,-0.05161323065814903,-0.017545193841627307,-0.00804709189231409,-0.0065596293382809675,0.04592662741495088,-0.013532017870500257,-0.00019913648857922467,-0.006925636458324412,The Secret Adversary,Agatha Christie,1922,pg1155.txt,Agatha Christie: The Secret Adversary,Agatha Christie: The Secret Adversary 01
1155,2,-0.47145901978061044,-0.3947124831325716,0.21695873537614205,0.006418183173878478,-0.004238168378766543,-0.00039865434266696075,-0.0030971597803700446,-0.010881677732879395,-0.2918936186210676,-0.044967651857811694,The Secret Adversary,Agatha Christie,1922,pg1155.txt,Agatha Christie: The Secret Adversary,Agatha Christie: The Secret Adversary 02
1155,3,-0.3493529251088028,-0.29309141867689126,0.15548639077072257,-0.0028019384431658147,0.0007133998735838796,-0.004781288380767242,-0.01254337577194379,-0.002483124702290316,0.2679204970487424,0.038558951413253974,The Secret Adversary,Agatha Christie,1922,pg1155.txt,Agatha Christie: The Secret Adversary,Agatha Christie: The Secret Adversary 03
1155,4,-0.5154107026053878,-0.4298189010270704,0.24851148868165288,0.0074005750293418765,-0.004362734342926397,-0.004446858248338685,-0.013543000402571047,-0.0016421725740582626,-0.16654933158307053,-0.022999396475239294,The Secret Adversary,Agatha Christie,1922,pg1155.txt,Agatha Christie: The Secret Adversary,Agatha Christie: The Secret Adversary 04
1155,5,-0.4252853991754858,-0.35464681765378575,0.18963497542401808,0.007223794298615918,0.0029223168136350876,-0.00535832464099274,-0.013154397678291983,-0.005725917007135726,0.12506213361269397,0.02545873906283188,The Secret Adversary,Agatha Christie,1922,pg1155.txt,Agatha Christie: The Secret Adversary,Agatha Christie: The Secret Adversary 05
1155,6,-0.47167472248865966,-0.39599698190662785,0.22291961921118839,0.012545547781327248,0.002118556404487235,-0.003924150620582465,-0.015215383906994125,0.008094750667496015,0.11595322397891272,0.022848243260479004,The Secret Adversary,Agatha Christie,1922,pg1155.txt,Agatha Christie: The Secret Adversary,Agatha Christie: The Secret Adversary 06
1155,7,-0.511967616855406,-0.43244305925737486,0.24337192885927664,0.008352261453114728,0.0018113484927744718,-0.004210979154463815,-0.013600945435460374,-0.010142153936875042,-0.1754541010026414,-0.023117653809918027,The Secret Adversary,Agatha Christie,1922,pg1155.txt,Agatha Christie: The Secret Adversary,Agatha Christie: The Secret Adversary 07
1155,8,-0.32952172184509226,-0.2525090827986119,0.13330658257282813,-0.007461783462511755,0.006908733112357126,-0.00566446030204117,0.013094797089306743,-0.02248104331803992,-0.46776106933847383,-0.05678860314113512,The Secret Adversary,Agatha Christie,1922,pg1155.txt,Agatha Christie: The Secret Adversary,Agatha Christie: The Secret Adversary 08
1155,9,-0.25638167315525695,-0.1981016491932617,0.08396924596652326,-0.0076515027772430496,0.006135997570041634,-0.004755576298802152,0.035448264252402266,-0.019329596000748045,-0.5735118420647376,-0.06301197584752014,The Secret Adversary,Agatha Christie,1922,pg1155.txt,Agatha Christie: The Secret Adversary,Agatha Christie: The Secret Adversary 09
1155,10,-0.3761490921303254,-0.30825725427111184,0.1656803088834963,0.009277967946809395,0.0025947950743159965,0.006680054561678569,-0.012409802124938899,-0.004246809255806116,0.2628848847896684,0.02484371449667537,The Secret Adversary,Agatha Christie,1922,pg1155.txt,Agatha Christie: The Secret Adversary,Agatha Christie: The Secret Adversary 10
1155,11,-0.37302937031740546,-0.3052389551524475,0.1755340336266836,0.008459189568645737,0.0017030966456532798,0.013113951485226462,-0.02010547148930628,0.003203319180042314,0.27699419159014244,0.023206199984912676,The Secret Adversary,Agatha Christie,1922,pg1155.txt,Agatha Christie: The Secret Adversary,Agatha Christie: The Secret Adversary 11
1155,12,-0.4713063413650613,-0.3943049380866059,0.21835027891113457,0.00923103749209798,-0.0008422356136896785,-0.0011533563174407695,-0.03546223612991681,0.016858978554783223,0.27678983192321444,0.045529962961384535,The Secret Adversary,Agatha Christie,1922,pg1155.txt,Agatha Christie: The Secret Adversary,Agatha Christie: The Secret Adversary 12
1155,13,-0.5027187538316125,-0.4279630396439177,0.24442811412916723,0.020865933523354814,-0.007188769176865659,0.006598242402682349,-0.04665773770105266,0.02089660171243813,0.41815351033014997,0.047572349648592374,The Secret Adversary,Agatha Christie,1922,pg1155.txt,Agatha Christie: The Secret Adversary,Agatha Christie: The Secret Adversary 13
1155,14,-0.4883273263384904,-0.42136906539790353,0.2329648059090009,0.024461717806897283,-0.0014410528360929249,0.008637514671453633,-0.05595007546563175,0.029900558563933775,0.47883087441849187,0.05436667156311225,The Secret Adversary,Agatha Christie,1922,pg1155.txt,Agatha Christie: The Secret Adversary,Agatha Christie: The Secret Adversary 14
1155,15,-0.2411818012561875,-0.19985834353271897,0.06897474191419208,0.016576281470213984,0.003632508257191266,0.0066973813511445445,-0.03926968385099424,0.018658045244666188,0.2718147479742419,0.03156835694097144,The Secret Adversary,Agatha Christie,1922,pg1155.txt,Agatha Christie: The Secret Adversary,Agatha Christie: The Secret Adversary 15
1155,16,-0.52863238657982,-0.4537976337720729,0.2575867242855896,0.01579513369715213,-0.010752338880006599,-0.0007753287102543217,-0.053718722167821205,0.027163393628994687,0.34541450978390464,0.04672727961239981,The Secret Adversary,Agatha Christie,1922,pg1155.txt,Agatha Christie: The Secret Adversary,Agatha Christie: The Secret Adversary 16
1155,17,-0.3336025136566601,-0.2672822857638329,0.13730077471016242,-0.006969749521321453,0.0027314590099026584,-0.007307963200735628,0.023201212280644493,-0.019066119909462397,-0.7130617770627365,-0.09663781972168879,The Secret Adversary,Agatha Christie,1922,pg1155.txt,Agatha Christie: The Secret Adversary,Agatha Christie: The Secret Adversary 17
1155,18,-0.29763579221503433,-0.246339551089891,0.1211103793516324,-0.009802413131104892,0.0026041554034349473,-0.003949047145904942,0.020888031437847992,-0.021240449982286535,-0.5907006594731992,-0.07691414481155313,The Secret Adversary,Agatha Christie,1922,pg1155.txt,Agatha Christie: The Secret Adversary,Agatha Christie: The Secret Adversary 18
1155,19,-0.5142185390438724,-0.4330470106840605,0.23281102115545366,0.0010846919955613294,0.011071399275093013,-0.010149914572025005,-0.038768387101671055,0.011744386186239408,-0.2706083036012663,-0.03507118802508314,The Secret Adversary,Agatha Christie,1922,pg1155.txt,Agatha Christie: The Secret Adversary,Agatha Christie: The Secret Adversary 19
1155,20,-0.46905007747087757,-0.39428690708204134,0.20521363957040306,0.018684133221368884,0.00013493725142725267,-0.007249564933087027,-0.0443417828297834,0.02239237665657449,-0.060322009830715104,-0.00928183983926329,The Secret Adversary,Agatha Christie,1922,pg1155.txt,Agatha Christie: The Secret Adversary,Agatha Christie: The Secret Adversary 20
1155,21,-0.4102252777858665,-0.3408457498557468,0.17877406893586495,-0.0009385493625025513,-0.002414084051001526,-0.009492165512639993,-0.004769358254716415,0.003389170607149672,-0.4014966674692767,-0.053533239256419396,The Secret Adversary,Agatha Christie,1922,pg1155.txt,Agatha Christie: The Secret Adversary,Agatha Christie: The Secret Adversary 21
1155,22,-0.49668867327367056,-0.4203254418454894,0.23044481368007616,0.007652260835729711,-0.004721333087912656,-0.006743498059336868,-0.01843954632326003,0.007716068053168507,-0.29130428300962047,-0.0392514873303174,The Secret Adversary,Agatha Christie,1922,pg1155.txt,Agatha Christie: The Secret Adversary,Agatha Christie: The Secret Adversary 22
1155,23,-0.19048862235348543,-0.15004146804192459,0.0488884259045021,0.014041485994015425,-0.00020964105776988552,-0.0025852582975610197,0.012087418299331094,-0.003999375496194646,0.00871852008856782,0.008614693095530254,The Secret Adversary,Agatha Christie,1922,pg1155.txt,Agatha Christie: The Secret Adversary,Agatha Christie: The Secret Adversary 23
1155,24,-0.30425839285788586,-0.2358649666315415,0.11192589116506835,0.003466735839968496,0.007770943419086379,-0.005456390683430207,0.01581972275833943,-0.018970516255899798,-0.5030546295262306,-0.07561107507462381,The Secret Adversary,Agatha Christie,1922,pg1155.txt,Agatha Christie: The Secret Adversary,Agatha Christie: The Secret Adversary 24
1155,25,-0.30568304986164424,-0.2384960016971452,0.12913415009644852,0.000664197108712643,-0.009966175320867729,-0.005902732559071565,-0.010144444730689855,0.01971400944273056,0.11493067494437031,0.029560919167337708,The Secret Adversary,Agatha Christie,1922,pg1155.txt,Agatha Christie: The Secret Adversary,Agatha Christie: The Secret Adversary 25
1155,26,-0.41896017600935787,-0.35346488789648983,0.18835511985906925,0.006762076236482009,0.0017921951919349307,0.0017115326301341363,-0.03259084883109409,0.009135072796221834,0.347597562650942,0.05643365468573312,The Secret Adversary,Agatha Christie,1922,pg1155.txt,Agatha Christie: The Secret Adversary,Agatha Christie: The Secret Adversary 26
1155,27,-0.4613176195939595,-0.38862461816035854,0.20479967825237877,0.013510370532866888,0.0018527113580126013,-0.0009208736016109373,-0.03566501242857901,0.01722292752018216,0.260373954353712,0.043462773230698665,The Secret Adversary,Agatha Christie,1922,pg1155.txt,Agatha Christie: The Secret Adversary,Agatha Christie: The Secret Adversary 27
1155,28,-0.47090454633593,-0.392449563899481,0.2124220771363089,0.011052701331891948,0.0008618009579745002,2.8015603028028406e-05,-0.028980426999935485,0.016383231263155433,0.2053281014316946,0.03440485517549535,The Secret Adversary,Agatha Christie,1922,pg1155.txt,Agatha Christie: The Secret Adversary,Agatha Christie: The Secret Adversary 28
1155,29,-0.515558961825707,-0.4318396513689974,0.25285087401721407,0.010159827094576055,-0.013378806421436216,-0.004614517003306029,-0.027341492928028153,0.013308081769402532,0.05363974154700124,0.006343976733320925,The Secret Adversary,Agatha Christie,1922,pg1155.txt,Agatha Christie: The Secret Adversary,Agatha Christie: The Secret Adversary 29
1661,1,-0.03482896259194457,0.034831342739046596,-0.1631515675539931,-0.030631249136727746,0.15412206749153382,-0.03380755757756541,0.05573858444513664,-0.16085649964400664,0.02271114939078373,0.007168193670828303,The Adventures of Sherlock Holmes,Arthur Conan Doyle,1892,pg1661.txt,Arthur Conan Doyle: The Adventures Of Sh,Arthur Conan Doyle: The Adventures Of Sh 01
1661,2,-0.025719964611082922,0.01810623790038016,-0.13205997220441368,-0.027847761746542597,0.1043119486583988,-0.01709304799720892,0.07143830567417173,-0.08626051799312377,0.004546597749452089,0.005972251050554592,The Adventures of Sherlock Holmes,Arthur Conan Doyle,1892,pg1661.txt,Arthur Conan Doyle: The Adventures Of Sh,Arthur Conan Doyle: The Adventures Of Sh 02
1661,3,-0.03514988434555315,0.033465763302673264,-0.2092466221290062,-0.041060484615602015,0.20130342737126097,-0.03621122892274029,0.07578699481323198,-0.2024604169491023,0.03346396734386614,0.008930690576430323,The Adventures of Sherlock Holmes,Arthur Conan Doyle,1892,pg1661.txt,Arthur Conan Doyle: The Adventures Of Sh,Arthur Conan Doyle: The Adventures Of Sh 03
1661,4,-0.019531583324622327,0.020737560291348857,-0.14970742247029048,-0.03309912012694232,0.12707073273615863,-0.01811039340000999,0.06906711226066037,-0.11590331146790404,0.01877939510452088,-0.017534644397405083,The Adventures of Sherlock Holmes,Arthur Conan Doyle,1892,pg1661.txt,Arthur Conan Doyle: The Adventures Of Sh,Arthur Conan Doyle: The Adventures Of Sh 04
1661,5,-0.021040216760556715,0.018504940243795186,-0.14378906636739566,-0.022787409015259632,0.08970048986696649,-0.004742800035939115,0.06007538690926641,-0.09389208850585098,0.007025326593348796,-0.0006530431495972562,The Adventures of Sherlock Holmes,Arthur Conan Doyle,1892,pg1661.txt,Arthur Conan Doyle: The Adventures Of Sh,Arthur Conan Doyle: The Adventures Of Sh 05
1661,6,-0.01641960997594008,0.017917206681903552,-0.1455848306148419,-0.017515857661808524,0.11656114684052257,-0.02094472096375678,0.06145245686012478,-0.12138326112349074,0.007604711533989035,0.014263629431378756,The Adventures of Sherlock Holmes,Arthur Conan Doyle,1892,pg1661.txt,Arthur Conan Doyle: The Adventures Of Sh,Arthur Conan Doyle: The Adventures Of Sh 06
1661,7,-0.027832683249988287,0.02808926088105767,-0.15520022446107248,-0.02891116325453349,0.13049396299736882,-0.025953714252198296,0.01723021776697279,-0.09270692835253899,0.004367670224846824,0.01540589900497678,The Adventures of Sherlock Holmes,Arthur Conan Doyle,1892,pg1661.txt,Arthur Conan Doyle: The Adventures Of Sh,Arthur Conan Doyle: The Adventures Of Sh 07
1661,8,-0.021217348829947035,0.023177221880154805,-0.18009823523967888,-0.024710886725171542,0.16250529196984448,-0.02630166464957512,0.04398263126740305,-0.1408951837199372,0.02031278118322394,-0.011913924291432426,The Adventures of Sherlock Holmes,Arthur Conan Doyle,1892,pg1661.txt,Arthur Conan Doyle: The Adventures Of Sh,Arthur Conan Doyle: The Adventures Of Sh 08
1661,9,-0.021742506199350572,0.022137244721296523,-0.1589071890936759,-0.020554676517455683,0.06283508410980361,-0.024687171024907573,0.04489822682367674,-0.09741757407975743,0.008957584605599315,0.021268422987909014,The Adventures of Sherlock Holmes,Arthur Conan Doyle,1892,pg1661.txt,Arthur Conan Doyle: The Adventures Of Sh,Arthur Conan Doyle: The Adventures Of Sh 09
1661,10,-0.02278187150970856,0.042924350797992526,-0.11335863891241243,-0.008557327924636184,0.09367175438833224,-0.02769257242359047,0.06762746850851038,-0.1077540603305865,0.0026404463824409533,-0.009221202919507286,The Adventures of Sherlock Holmes,Arthur Conan Doyle,1892,pg1661.txt,Arthur Conan Doyle: The Adventures Of Sh,Arthur Conan Doyle: The Adventures Of Sh 10
1661,11,-0.01896394036621806,0.023779976716991825,-0.13123347197784166,-0.02213066634707927,0.10242398309422522,-0.007070725939046936,0.05750175043013516,-0.10699627102796862,0.010936885383466275,-0.015321098689533541,The Adventures of Sherlock Holmes,Arthur Conan Doyle,1892,pg1661.txt,Arthur Conan Doyle: The Adventures Of Sh,Arthur Conan Doyle: The Adventures Of Sh 11
1661,12,-0.024021006993967996,0.02040277791078662,-0.14658513752388014,-0.026434052904063112,0.09994163508257069,-0.017214871007935305,0.047456851300857174,-0.10069866089595854,0.011187512882532459,-0.007412894693267904,The Adventures of Sherlock Holmes,Arthur Conan Doyle,1892,pg1661.txt,Arthur Conan Doyle: The Adventures Of Sh,Arthur Conan Doyle: The Adventures Of Sh 12
2097,1,-0.015543586767490325,0.01785589794664863,-0.1216400768152943,-0.030297071424934298,0.08786297820809323,-0.012886266580120723,0.06508649773950903,-0.09991840835924008,0.00012079748092314852,0.01179733858177222,The Sign of the Four,Arthur Conan Doyle,1890,pg2097.txt,Arthur Conan Doyle: The Sign Of The Four,Arthur Conan Doyle: The Sign Of The Four 01
2097,2,-0.02176437415399149,0.02122766000993337,-0.1570967764143667,-0.027281373167013012,0.1153117024992702,-0.019488343824822712,0.08406491119418555,-0.1533234798106131,0.024435896085839338,0.004036407997726483,The Sign of the Four,Arthur Conan Doyle,1890,pg2097.txt,Arthur Conan Doyle: The Sign Of The Four,Arthur Conan Doyle: The Sign Of The Four 02
2097,3,-0.023604344892876376,0.021815530958321592,-0.15683339102944768,-0.017873151688571176,0.10789268649448017,-0.031032397382054447,0.0957148595245116,-0.16434541379077502,0.013475939030321786,0.010020807790391268,The Sign of the Four,Arthur Conan Doyle,1890,pg2097.txt,Arthur Conan Doyle: The Sign Of The Four,Arthur Conan Doyle: The Sign Of The Four 03
2097,4,-0.020719409670730726,0.018946697964356617,-0.14161061445414455,-0.029152312726078617,0.09715345915350614,-0.01228100461945307,0.12548245943318456,-0.12588060914849183,0.016396820539409693,0.0036639500689559755,The Sign of the Four,Arthur Conan Doyle,1890,pg2097.txt,Arthur Conan Doyle: The Sign Of The Four,Arthur Conan Doyle: The Sign Of The Four 04
2097,5,-0.03325788811890525,0.026934230561398625,-0.1981192885211225,-0.043291865042476195,0.1662743801680608,-0.039245341368237804,0.19086195302776263,-0.09301071471162146,0.021434049280173204,0.009826927424284738,The Sign of the Four,Arthur Conan Doyle,1890,pg2097.txt,Arthur Conan Doyle: The Sign Of The Four,Arthur Conan Doyle: The Sign Of The Four 05
2097,6,-0.02418504689916789,0.026627714858597662,-0.18588576683645053,-0.0311116007144932,0.16678004382571732,-0.0360924290679451,0.10328886545031486,-0.19208150932311402,0.018442815262581673,0.01548447737064489,The Sign of the Four,Arthur Conan Doyle,1890,pg2097.txt,Arthur Conan Doyle: The Sign Of The Four,Arthur Conan Doyle: The Sign Of The Four 06
2097,7,-0.024856717673576022,0.023399275775339436,-0.16645521134098712,-0.029100084172979802,0.12621120502496716,-0.03451323741167036,0.12066783269031703,-0.15826987977010382,0.010059668016809681,0.015066539817294085,The Sign of the Four,Arthur Conan Doyle,1890,pg2097.txt,Arthur Conan Doyle: The Sign Of The Four,Arthur Conan Doyle: The Sign Of The Four 07
2097,8,-0.031211164003779483,0.025380665731245613,-0.18914692108193537,-0.04529497579865972,0.1252184406421833,-0.03482295142767692,0.1203204254907417,-0.17035603720119732,0.020333982864477303,0.0058335736620001395,The Sign of the Four,Arthur Conan Doyle,1890,pg2097.txt,Arthur Conan Doyle: The Sign Of The Four,Arthur Conan Doyle: The Sign Of The Four 08
2097,9,-0.028601740789832054,0.02190712117147348,-0.1930387283622845,-0.030534730037352156,0.15024406415645858,-0.026962357010527523,0.11733031887622862,-0.22640710953631912,0.03322094002130396,0.004414561289063454,The Sign of the Four,Arthur Conan Doyle,1890,pg2097.txt,Arthur Conan Doyle: The Sign Of The Four,Arthur Conan Doyle: The Sign Of The Four 09
2097,10,-0.03179662687487127,0.02801690478624473,-0.1598047062655974,-0.036946679061671546,0.08703140555872343,-0.031244373756926562,0.08412057722585674,-0.15187226780410268,0.013188217215096002,0.009495579407924606,The Sign of the Four,Arthur Conan Doyle,1890,pg2097.txt,Arthur Conan Doyle: The Sign Of The Four,Arthur Conan Doyle: The Sign Of The Four 10
2097,11,-0.02359522267994878,0.021990543745027884,-0.16984939290357662,-0.017917640399154285,0.11162593955348458,-0.025720829433717066,0.1047457367753519,-0.18512348861459602,0.025299371633613933,0.0051116998588505115,The Sign of the Four,Arthur Conan Doyle,1890,pg2097.txt,Arthur Conan Doyle: The Sign Of The Four,Arthur Conan Doyle: The Sign Of The Four 11
2097,12,-0.02265941230980709,0.022792143278281038,-0.145864533136248,-0.022610488293580092,0.08414818768947088,-0.023751544603226885,0.11044146464446947,-0.1313477936081277,0.006517887349460818,0.01804038282058502,The Sign of the Four,Arthur Conan Doyle,1890,pg2097.txt,Arthur Conan Doyle: The Sign Of The Four,Arthur Conan Doyle: The Sign Of The Four 12
3070,1,-0.03805752025645168,0.01840514730559562,-0.19636549637594736,-0.03475019399878964,0.18814245015303147,-0.04422647993422876,-0.025556546061247992,-0.09339990299289247,0.024558671920570332,0.00238257478662633,The Hound of the Baskervilles,Arthur Conan Doyle,1902,pg3070.txt,Arthur Conan Doyle: The Hound Of The Bas,Arthur Conan Doyle: The Hound Of The Bas 01
3070,2,-0.02797769268876223,0.028760118169311698,-0.23910841501447416,-0.04142059003170555,0.2698626641584857,-0.07542099484306498,-0.3407010487744795,0.22296437631186194,-0.013474857850782104,-0.007381131682260268,The Hound of the Baskervilles,Arthur Conan Doyle,1902,pg3070.txt,Arthur Conan Doyle: The Hound Of The Bas,Arthur Conan Doyle: The Hound Of The Bas 02
3070,3,-0.03458872372639589,0.033506389718808885,-0.2870702647604396,-0.05574398416841808,0.33298033539141836,-0.09109158109498455,-0.3752453846965312,0.20915053225939334,-0.010959049738482479,-0.0075586614298956975,The Hound of the Baskervilles,Arthur Conan Doyle,1902,pg3070.txt,Arthur Conan Doyle: The Hound Of The Bas,Arthur Conan Doyle: The Hound Of The Bas 03
3070,4,-0.04478840428930312,0.03242164048453737,-0.2989721398788406,-0.059043636295781396,0.32684980419497767,-0.08599000809112466,-0.2676307080386277,0.07188185047665813,0.0024936782785618234,0.009583313449741095,The Hound of the Baskervilles,Arthur Conan Doyle,1902,pg3070.txt,Arthur Conan Doyle: The Hound Of The Bas,Arthur Conan Doyle: The Hound Of The Bas 04
3070,5,-0.05007151584974252,0.03293863289603502,-0.28749307122740064,-0.052338500141988806,0.31664176311203934,-0.07949696882395128,-0.2630648374082407,0.07320769419855358,0.009812232506515308,0.004355407119905123,The Hound of the Baskervilles,Arthur Conan Doyle,1902,pg3070.txt,Arthur Conan Doyle: The Hound Of The Bas,Arthur Conan Doyle: The Hound Of The Bas 05
3070,6,-0.04198149720417611,0.030513724101071924,-0.2576671891928388,-0.04461013761728539,0.2783083401889975,-0.0793361852111555,-0.3539532313056119,0.24475688921446634,-0.013854908266529426,4.6943691754013386e-05,The Hound of the Baskervilles,Arthur Conan Doyle,1902,pg3070.txt,Arthur Conan Doyle: The Hound Of The Bas,Arthur Conan Doyle: The Hound Of The Bas 06
3070,7,-0.039332721581301695,0.031184627672510155,-0.2891382998938708,-0.05626013054636649,0.3389854260623956,-0.1004260077753995,-0.4623962383159859,0.32798515631181807,-0.023799618795958134,-0.005520123376665505,The Hound of the Baskervilles,Arthur Conan Doyle,1902,pg3070.txt,Arthur Conan Doyle: The Hound Of The Bas,Arthur Conan Doyle: The Hound Of The Bas 07
3070,8,-0.0375474388766356,0.03059765085145212,-0.262031699860974,-0.054694030455791354,0.29801495722311505,-0.08517753177056671,-0.4247829826779994,0.3101331047838668,-0.025444236052181043,-0.016927480360687974,The Hound of the Baskervilles,Arthur Conan Doyle,1902,pg3070.txt,Arthur Conan Doyle: The Hound Of The Bas,Arthur Conan Doyle: The Hound Of The Bas 08
3070,9,-0.04064404681334763,0.029910089915433306,-0.28660995023596453,-0.05934831424576968,0.3265787125715027,-0.08894189929936049,-0.4164774398238656,0.29491280898320166,-0.02414662138566949,-0.007296013437274887,The Hound of the Baskervilles,Arthur Conan Doyle,1902,pg3070.txt,Arthur Conan Doyle: The Hound Of The Bas,Arthur Conan Doyle: The Hound Of The Bas 09
3070,10,-0.04341358077970979,0.031112660093374864,-0.2679519468809255,-0.050551990925562056,0.29979694473520757,-0.0818805956861407,-0.42750759931919097,0.2970344413916981,-0.02075180299596646,-0.011738349565405589,The Hound of the Baskervilles,Arthur Conan Doyle,1902,pg3070.txt,Arthur Conan Doyle: The Hound Of The Bas,Arthur Conan Doyle: The Hound Of The Bas 10
3070,11,-0.0314700110863143,0.028265940872945858,-0.22032448497354593,-0.03834264729268664,0.22784446788878457,-0.06273823795666833,-0.31238186443954136,0.2262971601029991,-0.012525317014262818,-0.006145179739261634,The Hound of the Baskervilles,Arthur Conan Doyle,1902,pg3070.txt,Arthur Conan Doyle: The Hound Of The Bas,Arthur Conan Doyle: The Hound Of The Bas 11
3070,12,-0.04103189880728924,0.03652070939502737,-0.3143676517651238,-0.07415984014113335,0.36077711684701086,-0.1039548560694884,-0.3791639095903083,0.19667123545276216,-0.01199202810257477,-0.002375845065825488,The Hound of the Baskervilles,Arthur Conan Doyle,1902,pg3070.txt,Arthur Conan Doyle: The Hound Of The Bas,Arthur Conan Doyle: The Hound Of The Bas 12
3070,13,-0.04298163854768045,0.03693021875086323,-0.29512314062207184,-0.061732596046625746,0.33326043714630865,-0.09243126671122918,-0.3241462791966897,0.14276804394740125,-0.003717621779389405,-0.0014544104201866077,The Hound of the Baskervilles,Arthur Conan Doyle,1902,pg3070.txt,Arthur Conan Doyle: The Hound Of The Bas,Arthur Conan Doyle: The Hound Of The Bas 13
3070,14,-0.03843665889039504,0.03409499385208264,-0.26034722381413,-0.058243111338198664,0.27643553289094536,-0.07996852158998995,-0.2205414263547824,0.07778701835946462,-0.010254468604944248,0.0028296525747688143,The Hound of the Baskervilles,Arthur Conan Doyle,1902,pg3070.txt,Arthur Conan Doyle: The Hound Of The Bas,Arthur Conan Doyle: The Hound Of The Bas 14
3070,15,-0.0352644496580855,0.04460239871746871,-0.2257860463255384,-0.05027448334028152,0.26429769957730953,-0.07682606061344421,-0.3683649617688301,0.23942500358435218,-0.017631350868501004,-0.0033236527878138192,The Hound of the Baskervilles,Arthur Conan Doyle,1902,pg3070.txt,Arthur Conan Doyle: The Hound Of The Bas,Arthur Conan Doyle: The Hound Of The Bas 15
3289,1,-0.031294477276002285,0.024793798399883327,-0.16661990173903538,-0.023959008681514248,0.15077130685285214,-0.03523590508440131,0.07560480703767562,-0.15093667369138233,0.018843126890998506,0.013796514672001986,The Valley of Fear,Arthur Conan Doyle,1914,pg3289.txt,Arthur Conan Doyle: The Valley Of Fear,Arthur Conan Doyle: The Valley Of Fear 01
3289,2,-0.021737809896850306,0.02521589331460645,-0.17940005643475157,-0.008403215932614302,0.15609083897371948,-0.04343189057316649,0.12106264541671094,-0.20817380277599967,0.031538503477378674,0.006588375772782267,The Valley of Fear,Arthur Conan Doyle,1914,pg3289.txt,Arthur Conan Doyle: The Valley Of Fear,Arthur Conan Doyle: The Valley Of Fear 02
3289,3,-0.021873369066072297,0.022587144217630542,-0.1435419469348298,-0.011800178717738263,0.11511937495610146,-0.013933954910346043,0.18597670977568131,-0.16230268013736437,0.03556642321421056,-0.03478283039634666,The Valley of Fear,Arthur Conan Doyle,1914,pg3289.txt,Arthur Conan Doyle: The Valley Of Fear,Arthur Conan Doyle: The Valley Of Fear 03
3289,4,-0.0340735475687259,0.03064310607497597,-0.21209352549597144,-0.024176391374839155,0.20088238280068985,-0.045837786684495736,0.17216380606196127,-0.2518604533494642,0.0445656386069137,-0.024917908594538206,The Valley of Fear,Arthur Conan Doyle,1914,pg3289.txt,Arthur Conan Doyle: The Valley Of Fear,Arthur Conan Doyle: The Valley Of Fear 04
3289,5,-0.018332039947721403,0.021840815226374922,-0.1574226121982254,-0.009754033643780467,0.13531533200870635,-0.03262721187398598,0.23020050998794322,-0.15147829404329494,0.04770427593666264,-0.03748030987434162,The Valley of Fear,Arthur Conan Doyle,1914,pg3289.txt,Arthur Conan Doyle: The Valley Of Fear,Arthur Conan Doyle: The Valley Of Fear 05
3289,6,-0.019104664921015993,0.025314892413034345,-0.19549798094083734,-0.02915955910417783,0.18643846996168306,-0.03849401962217685,0.1385340087612005,-0.20239385761627438,0.04408471782047728,-0.02859672108689808,The Valley of Fear,Arthur Conan Doyle,1914,pg3289.txt,Arthur Conan Doyle: The Valley Of Fear,Arthur Conan Doyle: The Valley Of Fear 06
3289,7,-0.02946606705777672,0.041799004657004764,-0.2062204844157386,-0.019900534106636503,0.2077063468293399,-0.04368253370448843,0.20472163368928878,-0.21580884307404394,0.050959114861696894,-0.02475628675275441,The Valley of Fear,Arthur Conan Doyle,1914,pg3289.txt,Arthur Conan Doyle: The Valley Of Fear,Arthur Conan Doyle: The Valley Of Fear 07
3289,8,-0.028049613963409863,0.028349321684740712,-0.11852174229990246,-0.04109948238278967,0.060114322921092075,-0.03443767185993615,0.4641399471879228,0.4675910126856922,0.005357055035855037,0.02290106527015076,The Valley of Fear,Arthur Conan Doyle,1914,pg3289.txt,Arthur Conan Doyle: The Valley Of Fear,Arthur Conan Doyle: The Valley Of Fear 08
3289,9,-0.021080885033411552,0.021032105518633784,-0.12035336262720589,-0.05472114866663087,0.06668976606681021,-0.04562687445731647,0.5649825884423083,0.5832908239464105,0.013149549206836232,0.01861989474556123,The Valley of Fear,Arthur Conan Doyle,1914,pg3289.txt,Arthur Conan Doyle: The Valley Of Fear,Arthur Conan Doyle: The Valley Of Fear 09
3289,10,-0.028296589127392933,0.022871891172117426,-0.13855156024594212,-0.039598818487219356,0.07927710383320856,-0.032235914729113906,0.5247446109596928,0.5299714199956536,0.004328022757298243,0.03327803428536726,The Valley of Fear,Arthur Conan Doyle,1914,pg3289.txt,Arthur Conan Doyle: The Valley Of Fear,Arthur Conan Doyle: The Valley Of Fear 10
3289,11,-0.02639116806921182,0.02463119523595027,-0.1268119618376958,-0.03657171888634798,0.06614329812430036,-0.03253798891073477,0.5441669107215406,0.5638856431099132,0.008509828149624895,0.03302625306482371,The Valley of Fear,Arthur Conan Doyle,1914,pg3289.txt,Arthur Conan Doyle: The Valley Of Fear,Arthur Conan Doyle: The Valley Of Fear 11
3289,12,-0.016769649779185183,0.0213931357936647,-0.11827427777387675,-0.059138528371517805,0.06797486665372897,-0.04345003888221201,0.46726578665145696,0.47059940512921905,0.009080141254951456,0.012443564705079497,The Valley of Fear,Arthur Conan Doyle,1914,pg3289.txt,Arthur Conan Doyle: The Valley Of Fear,Arthur Conan Doyle: The Valley Of Fear 12
3289,13,-0.027329412088716237,0.022374106853794182,-0.1205614710985274,-0.04329434606787718,0.06468810044393737,-0.03650845836033629,0.5313927280561938,0.5515091725619944,0.010444974595741285,0.024796823977705135,The Valley of Fear,Arthur Conan Doyle,1914,pg3289.txt,Arthur Conan Doyle: The Valley Of Fear,Arthur Conan Doyle: The Valley Of Fear 13
3289,14,-0.031962281691693226,0.02897498473909577,-0.15790007160615632,-0.04562316782948571,0.10657858663182687,-0.0388953333033698,0.5428801800416674,0.45828815707582743,0.021537565980046677,0.029058684965290762,The Valley of Fear,Arthur Conan Doyle,1914,pg3289.txt,Arthur Conan Doyle: The Valley Of Fear,Arthur Conan Doyle: The Valley Of Fear 14
58866,1,0.00536952890555201,0.0005938023868029436,-0.0376029985151918,-0.02044886947882334,-0.008156890791863356,-0.0013767505702443586,0.03800172036546654,-0.018693544001765053,-0.0036930653129526097,0.021419275433665234,The Murder on the Links,Agatha Christie,1923,pg58866.txt,Agatha Christie: The Murder On The Li,Agatha Christie: The Murder On The Li 01
58866,2,0.28212315807634186,-0.09407493555827201,0.15568735925814653,-0.12976143111308916,0.0013118695492922963,0.02549509938050141,-0.03457322714807107,-0.007637956357521176,-0.024457445753629164,0.1535756578148914,The Murder on the Links,Agatha Christie,1923,pg58866.txt,Agatha Christie: The Murder On The Li,Agatha Christie: The Murder On The Li 02
58866,3,0.2848307401804323,-0.0873355338296946,0.20829252330336448,-0.32009517356234685,-0.022577797261485125,-0.18511363386195476,-0.013192786401174923,-0.0158372161185372,0.026017746707581273,-0.17976337124300618,The Murder on the Links,Agatha Christie,1923,pg58866.txt,Agatha Christie: The Murder On The Li,Agatha Christie: The Murder On The Li 03
58866,4,0.3530012366159634,-0.11391008748426994,0.23420644037814206,-0.2538527785329627,-0.01942165074015526,-0.12745905238713998,-0.029680542180130377,-0.01272270886795328,0.015481530007113841,-0.064821897218088,The Murder on the Links,Agatha Christie,1923,pg58866.txt,Agatha Christie: The Murder On The Li,Agatha Christie: The Murder On The Li 04
58866,5,0.3108715205454636,-0.1009242479520094,0.20933686379124758,-0.32954387435445165,-0.02376127153649853,-0.17255603804093841,-0.01389042777175584,-0.015502790878833486,0.034596524667565735,-0.18866115635741224,The Murder on the Links,Agatha Christie,1923,pg58866.txt,Agatha Christie: The Murder On The Li,Agatha Christie: The Murder On The Li 05
58866,6,0.3136580151393821,-0.10139376175516181,0.19589751990089072,-0.1651985079944393,-0.009515321499604379,-0.06636221834080973,-0.030549850755298966,-0.01106801517499207,-0.007046893536939002,0.04277973691340955,The Murder on the Links,Agatha Christie,1923,pg58866.txt,Agatha Christie: The Murder On The Li,Agatha Christie: The Murder On The Li 06
58866,7,0.40128329931285023,-0.13120896205388655,0.2702657478575338,-0.26940970963504013,-0.019505655968157447,-0.10257683460137891,-0.047707252288233054,-0.007964128840653274,0.005131541227878601,-0.00439037176738248,The Murder on the Links,Agatha Christie,1923,pg58866.txt,Agatha Christie: The Murder On The Li,Agatha Christie: The Murder On The Li 07
58866,8,0.1457239835534145,-0.04953991272845456,0.07634383051010932,-0.13982228241938563,-0.014005861433241932,-0.06954393330282077,0.014126384161821857,-0.014689590029276672,0.007364183611369055,-0.040600253187844396,The Murder on the Links,Agatha Christie,1923,pg58866.txt,Agatha Christie: The Murder On The Li,Agatha Christie: The Murder On The Li 08
58866,9,0.3206441844319229,-0.10043493021136181,0.2235698882320734,-0.28133411235328376,-0.022307961156835192,-0.1614607289898245,-0.023555255519022617,-0.014563157454910275,0.01618486211498487,-0.10240791436013494,The Murder on the Links,Agatha Christie,1923,pg58866.txt,Agatha Christie: The Murder On The Li,Agatha Christie: The Murder On The Li 09
58866,10,0.28048485579234456,-0.0886340140040248,0.2126289560057803,-0.35604902494637203,-0.03963374964870003,-0.2393709197613194,-0.008280135595831099,-0.006958617365297733,0.04408918611750486,-0.2686111513693953,The Murder on the Links,Agatha Christie,1923,pg58866.txt,Agatha Christie: The Murder On The Li,Agatha Christie: The Murder On The Li 10
58866,11,0.33807782941294895,-0.10885005555255456,0.24980416644031303,-0.4098983544111128,-0.03332759454653214,-0.2683889685467195,-0.005798192540801186,-0.007458217471995547,0.04768254721147478,-0.2995166323238076,The Murder on the Links,Agatha Christie,1923,pg58866.txt,Agatha Christie: The Murder On The Li,Agatha Christie: The Murder On The Li 11
58866,12,0.3223151167768964,-0.10563814638146321,0.20216460713580942,-0.26575571073984844,-0.011754781792904073,-0.09219826151792353,-0.028732157339892768,-0.01829757898705034,0.01434430518808465,-0.023584088122360864,The Murder on the Links,Agatha Christie,1923,pg58866.txt,Agatha Christie: The Murder On The Li,Agatha Christie: The Murder On The Li 12
58866,13,0.29118698552546585,-0.10009274717254779,0.1836924061443709,-0.21985975885108122,-0.023958581005451965,-0.07589306444456126,-0.0207287148618539,0.007506681767344817,0.0017846468618957737,0.013069875436091092,The Murder on the Links,Agatha Christie,1923,pg58866.txt,Agatha Christie: The Murder On The Li,Agatha Christie: The Murder On The Li 13
58866,14,0.20129164530809843,-0.05745922137854965,0.1366944966609584,-0.26564113811504225,-0.014365319247997142,-0.17166728851351873,0.007972982158759067,-0.01988246793202161,0.020471808629972933,-0.18244065761966283,The Murder on the Links,Agatha Christie,1923,pg58866.txt,Agatha Christie: The Murder On The Li,Agatha Christie: The Murder On The Li 14
58866,15,0.38567056878714023,-0.12821729784028713,0.24109542152896715,-0.21134337273591686,-0.018745795886201486,-0.07749324610956844,-0.04202387247568889,-0.0006437282206050517,-0.008066848347199698,0.06493418907103571,The Murder on the Links,Agatha Christie,1923,pg58866.txt,Agatha Christie: The Murder On The Li,Agatha Christie: The Murder On The Li 15
58866,16,0.03198982103719343,0.001378761205835051,-0.011775803159296161,-0.08291364137405494,4.8402233698302546e-05,-0.03234572331987265,0.03589280449409797,-0.017496895172084057,-0.004063417743675227,-0.031242526282455226,The Murder on the Links,Agatha Christie,1923,pg58866.txt,Agatha Christie: The Murder On The Li,Agatha Christie: The Murder On The Li 16
58866,17,0.39717915442276486,-0.1299515377091314,0.267076906220321,-0.3052651792612969,-0.024300248810758537,-0.12187491638742612,-0.02864777569087897,0.002873853243746431,0.011086496709180679,-0.023972091789588583,The Murder on the Links,Agatha Christie,1923,pg58866.txt,Agatha Christie: The Murder On The Li,Agatha Christie: The Murder On The Li 17
58866,18,0.42647802377787536,-0.14404801403346126,0.29356252974838637,-0.2975296473821331,-0.025666426415060263,-0.12190513629928072,-0.03190601220001526,0.02817962625104222,0.010906609351181852,-0.04143764699177037,The Murder on the Links,Agatha Christie,1923,pg58866.txt,Agatha Christie: The Murder On The Li,Agatha Christie: The Murder On The Li 18
58866,19,0.39595558647054024,-0.13251399500564023,0.26874400878007065,-0.32875726763141433,-0.0260699009321394,-0.15641532185230703,-0.012048763738152888,0.020291844900626344,0.013222016061120572,-0.07613844676923262,The Murder on the Links,Agatha Christie,1923,pg58866.txt,Agatha Christie: The Murder On The Li,Agatha Christie: The Murder On The Li 19
58866,20,0.31314740016285875,-0.09831336443801908,0.22040351712791612,-0.33682076828899127,-0.02367552914899199,-0.1745086605034462,-0.004984048996600744,0.0014177488133862992,0.026996508870890373,-0.15814347085935987,The Murder on the Links,Agatha Christie,1923,pg58866.txt,Agatha Christie: The Murder On The Li,Agatha Christie: The Murder On The Li 20
58866,21,0.37789718302257247,-0.12369845226173652,0.2712232592001925,-0.4227881337437111,-0.033852765397196526,-0.24351979609499194,-0.014086622748619585,0.00028984688760683776,0.04050860362511125,-0.22827523177311018,The Murder on the Links,Agatha Christie,1923,pg58866.txt,Agatha Christie: The Murder On The Li,Agatha Christie: The Murder On The Li 21
58866,22,0.28231494862904705,-0.0987595020161088,0.17008151114975,-0.2077204009957213,-0.015206699143015602,-0.06690914708167256,-0.0035353819342880182,0.01052119019649915,-0.0024278725663067937,0.029128145546787693,The Murder on the Links,Agatha Christie,1923,pg58866.txt,Agatha Christie: The Murder On The Li,Agatha Christie: The Murder On The Li 22
58866,23,0.274660680339252,-0.09467063150356823,0.16276554980368307,-0.2301892519743296,-0.014026591803272887,-0.09041248047195748,0.0032959880555669856,0.018914726814217537,0.006508619873359064,-0.026771487274530093,The Murder on the Links,Agatha Christie,1923,pg58866.txt,Agatha Christie: The Murder On The Li,Agatha Christie: The Murder On The Li 23
58866,24,0.46539842857885333,-0.15822913725977758,0.32348070609062474,-0.33284731522427213,-0.035404892081096775,-0.15986842295244408,-0.03998619191286435,0.01610179625722894,0.017318180677575054,-0.06845807985768652,The Murder on the Links,Agatha Christie,1923,pg58866.txt,Agatha Christie: The Murder On The Li,Agatha Christie: The Murder On The Li 24
58866,25,0.22062845119187172,-0.07158639758629627,0.15352864895894197,-0.3205323292476413,-0.018899168194743986,-0.20523283041107582,0.03124902536394651,0.003014147400213693,0.04013161544547107,-0.2747845112013189,The Murder on the Links,Agatha Christie,1923,pg58866.txt,Agatha Christie: The Murder On The Li,Agatha Christie: The Murder On The Li 25
58866,26,0.17353284715547496,-0.05802960112520665,0.09321169214813083,-0.168348414072601,-0.02508960616543973,-0.06762779717091975,0.01990728035703697,0.01530018947336483,0.009669112458082963,-0.010263653986868787,The Murder on the Links,Agatha Christie,1923,pg58866.txt,Agatha Christie: The Murder On The Li,Agatha Christie: The Murder On The Li 26
58866,27,0.4397006823121514,-0.15573155695336538,0.29672885082195344,-0.28045371476741165,-0.021495023517790306,-0.08300236551190908,-0.036140567481505924,0.025973938747358684,0.005452094757339395,0.041503482344856554,The Murder on the Links,Agatha Christie,1923,pg58866.txt,Agatha Christie: The Murder On The Li,Agatha Christie: The Murder On The Li 27
58866,28,0.3331547341282765,-0.10993248145008994,0.24024496459253492,-0.3717873442406215,-0.027873903878489623,-0.19822038910543505,-0.0017431287554256854,0.014992204404313104,0.03370501035911543,-0.18263061220902005,The Murder on the Links,Agatha Christie,1923,pg58866.txt,Agatha Christie: The Murder On The Li,Agatha Christie: The Murder On The Li 28
61168,1,-0.016827466011807762,0.020884732465169233,-0.09044558538829411,-0.03762761470300432,-0.10491047615473044,-0.008575130099414215,0.011597947012018361,-0.016584793936232085,-0.006497172962303622,0.003317951214306559,The Man in the Brown Suit,Agatha Christie,1924,pg61168.txt,Agatha Christie: The Man In The Brown,Agatha Christie: The Man In The Brown 01
61168,2,-0.019082857147726496,0.019317174130104614,-0.09851857125498892,-0.020914292491759263,-0.07409975229903602,0.008349574527112987,0.024874968526368963,-0.015150694785027764,-0.014029847798162097,-0.0020332729254609896,The Man in the Brown Suit,Agatha Christie,1924,pg61168.txt,Agatha Christie: The Man In The Brown,Agatha Christie: The Man In The Brown 02
61168,3,-0.020002381934553663,0.01226573014892184,-0.07693264191993089,-0.013048634269736648,-0.005112807867984247,0.01160209949056107,0.030949960128920647,-0.0240367815080454,-0.0035203769036551195,-0.012527097114586364,The Man in the Brown Suit,Agatha Christie,1924,pg61168.txt,Agatha Christie: The Man In The Brown,Agatha Christie: The Man In The Brown 03
61168,4,-0.021275995519733082,0.01648038738891327,-0.11095155445101862,-0.013128332283749386,-0.055865911621617685,0.016146044658082608,0.017468717397100746,-0.025204662104843716,-0.00033076828987767444,-0.004150745010980394,The Man in the Brown Suit,Agatha Christie,1924,pg61168.txt,Agatha Christie: The Man In The Brown,Agatha Christie: The Man In The Brown 04
61168,5,-0.0202508039232567,-0.003923882397516206,-0.08576336995430142,0.03956212272120863,-0.04413267727347495,0.0015446848640690235,0.032196582993028064,-0.03379895447709508,0.02943163244838305,0.00014322070674907555,The Man in the Brown Suit,Agatha Christie,1924,pg61168.txt,Agatha Christie: The Man In The Brown,Agatha Christie: The Man In The Brown 05
61168,6,-0.03336581534749542,0.0438184519925237,-0.06081380523339493,-0.0039489857903888745,-0.04604585727458876,-0.0027258687622123746,0.043711408553532276,-0.018781054731202302,-0.0190499606882782,-0.0025374455144717076,The Man in the Brown Suit,Agatha Christie,1924,pg61168.txt,Agatha Christie: The Man In The Brown,Agatha Christie: The Man In The Brown 06
61168,7,-0.03357686475371146,0.012032384290922356,-0.1111161549830365,-0.009500154678702414,-0.06972429373213246,0.010286387071693475,0.03749331536294049,-0.01304634545336898,0.02632814654984797,-1.474752241322598e-05,The Man in the Brown Suit,Agatha Christie,1924,pg61168.txt,Agatha Christie: The Man In The Brown,Agatha Christie: The Man In The Brown 07
61168,8,-0.02496509224611276,0.012679661804263075,-0.09065715088274387,-0.015192502374546675,-0.05096012397288427,0.00800402145714289,0.02688689694942673,-0.02436734182104883,-0.007080334280665419,-0.0014451424030574472,The Man in the Brown Suit,Agatha Christie,1924,pg61168.txt,Agatha Christie: The Man In The Brown,Agatha Christie: The Man In The Brown 08
61168,9,-0.03121559421021077,0.022262008116047692,-0.18933517921996906,0.0009409114337418801,-0.3012299927421494,-0.012256355384514627,-0.04229427549655648,0.024743063829049443,0.014076005758486873,-0.014558769054783953,The Man in the Brown Suit,Agatha Christie,1924,pg61168.txt,Agatha Christie: The Man In The Brown,Agatha Christie: The Man In The Brown 09
61168,10,-0.03881587960826204,0.02406184417690752,-0.19600247460966141,-0.036386133404117976,-0.29756717864143367,0.009944105501757372,-0.031704995557989606,-0.004685896572523303,0.0073936203735816405,-0.00476142281337912,The Man in the Brown Suit,Agatha Christie,1924,pg61168.txt,Agatha Christie: The Man In The Brown,Agatha Christie: The Man In The Brown 10
61168,11,-0.02632746011091886,0.019402845365491635,-0.11535383248922816,-0.024195515377266566,-0.11151933326136013,0.003934949895497031,0.01850796875458768,-0.023782861130576094,0.00176185130896807,-0.004275244997963493,The Man in the Brown Suit,Agatha Christie,1924,pg61168.txt,Agatha Christie: The Man In The Brown,Agatha Christie: The Man In The Brown 11
61168,12,-0.04300601635835433,0.030847107489097192,-0.24534215086719924,-0.04634311940032281,-0.40445819974118574,0.018133553259258355,-0.0716373250618617,0.00810655473153405,0.01360269397231086,-0.013547596840887223,The Man in the Brown Suit,Agatha Christie,1924,pg61168.txt,Agatha Christie: The Man In The Brown,Agatha Christie: The Man In The Brown 12
61168,13,-0.05243537886193153,0.03524749822345808,-0.263327825993459,-0.06028838434897895,-0.4705169414154286,0.008889328410480223,-0.07773264754212227,0.023518376777252055,0.007124523454504415,0.0034455231607016,The Man in the Brown Suit,Agatha Christie,1924,pg61168.txt,Agatha Christie: The Man In The Brown,Agatha Christie: The Man In The Brown 13
61168,14,-0.034653762271912136,0.025273041160715822,-0.1867424520307445,-0.04125384796593429,-0.26417634772873777,0.01806168416332966,-0.023738010469207656,0.006149889863263789,0.0009050655648823524,-0.013422401538877943,The Man in the Brown Suit,Agatha Christie,1924,pg61168.txt,Agatha Christie: The Man In The Brown,Agatha Christie: The Man In The Brown 14
61168,15,-0.04236264988660144,0.024005004947332195,-0.21327476523976166,-0.04807027424190848,-0.3567479543261921,0.014003862529232029,-0.05034958182784558,0.0033428461248620703,0.009739698110477726,-0.011860233768935394,The Man in the Brown Suit,Agatha Christie,1924,pg61168.txt,Agatha Christie: The Man In The Brown,Agatha Christie: The Man In The Brown 15
61168,16,-0.05724966765989794,0.03611672823970316,-0.2531957585417555,-0.05798734639667406,-0.452728460691886,0.007736020021001943,-0.0772149955126598,0.028131569394415402,0.0014930044851111076,0.0014046788672739971,The Man in the Brown Suit,Agatha Christie,1924,pg61168.txt,Agatha Christie: The Man In The Brown,Agatha Christie: The Man In The Brown 16
61168,17,-0.05488845345661469,0.03237540340226451,-0.28614592761451885,-0.06692905150371652,-0.5006208814782361,0.006818374792489106,-0.0903214831159534,0.023521273616168573,0.01380295440278066,0.01023342620924516,The Man in the Brown Suit,Agatha Christie,1924,pg61168.txt,Agatha Christie: The Man In The Brown,Agatha Christie: The Man In The Brown 17
61168,18,-0.054015498686180184,0.03424566963955936,-0.2659125945508289,-0.061472662741130016,-0.4743002906141154,0.009386436874481019,-0.09037111291707842,0.030897933284797032,0.010769386335901349,0.003745494890933449,The Man in the Brown Suit,Agatha Christie,1924,pg61168.txt,Agatha Christie: The Man In The Brown,Agatha Christie: The Man In The Brown 18
61168,19,-0.03603594892388178,0.02456541928078546,-0.17736885905951147,-0.04909993256568192,-0.2704002671009361,0.002929854276377752,-0.03556696429921321,0.005118998174395629,-0.0052574170290507856,0.017428208716762084,The Man in the Brown Suit,Agatha Christie,1924,pg61168.txt,Agatha Christie: The Man In The Brown,Agatha Christie: The Man In The Brown 19
61168,20,-0.026429776596104945,0.01591694016740993,-0.13838559236978568,-0.029763603498213293,-0.16127449282586834,0.0016745328207358279,-0.004424315557194652,-0.0074901170668914795,-0.013173139910123664,0.006134772716081051,The Man in the Brown Suit,Agatha Christie,1924,pg61168.txt,Agatha Christie: The Man In The Brown,Agatha Christie: The Man In The Brown 20
61168,21,-0.06064524782166613,0.03350223462002472,-0.29261529160563593,-0.07061804147739324,-0.5400182812340656,0.007886120323918151,-0.1104466795842977,0.04029177203628001,0.006349873170862642,0.006376785801803689,The Man in the Brown Suit,Agatha Christie,1924,pg61168.txt,Agatha Christie: The Man In The Brown,Agatha Christie: The Man In The Brown 21
61168,22,-0.043481685159190896,0.02396558766822399,-0.220166703992413,-0.05020126522323846,-0.32383610755463155,0.001613964826653089,-0.0539215438077441,0.006852249393966527,-0.0010230862762054442,0.01177233546209385,The Man in the Brown Suit,Agatha Christie,1924,pg61168.txt,Agatha Christie: The Man In The Brown,Agatha Christie: The Man In The Brown 22
61168,23,-0.04640345601972895,0.02982811205427414,-0.24756901960180494,-0.05808824650157126,-0.41519516711820986,0.008061328163161272,-0.06321664621894596,0.014740343507871446,0.006250242174984925,0.0005906978819367874,The Man in the Brown Suit,Agatha Christie,1924,pg61168.txt,Agatha Christie: The Man In The Brown,Agatha Christie: The Man In The Brown 23
61168,24,-0.04744635861563165,0.035564045276493726,-0.2368096552953431,-0.057160852861533086,-0.414433864318367,0.0028791175169940587,-0.06658356275340392,0.02590633467091365,-0.0007019824395026645,0.013833708251058969,The Man in the Brown Suit,Agatha Christie,1924,pg61168.txt,Agatha Christie: The Man In The Brown,Agatha Christie: The Man In The Brown 24
61168,25,-0.04725601085819584,0.02820315752246422,-0.2387504836368252,-0.049914691870952786,-0.3745817676789171,0.0047728268117742095,-0.06642784541210862,0.017080981741118707,0.002221071218010835,-0.001166033121529524,The Man in the Brown Suit,Agatha Christie,1924,pg61168.txt,Agatha Christie: The Man In The Brown,Agatha Christie: The Man In The Brown 25
61168,26,-0.03265303493842968,0.021014303701793205,-0.16846091844192956,-0.046396104991026386,-0.22771008350514685,0.0029141094664022946,-0.026171507631088275,0.014121894744388897,-0.003671864116389231,0.011293683657104219,The Man in the Brown Suit,Agatha Christie,1924,pg61168.txt,Agatha Christie: The Man In The Brown,Agatha Christie: The Man In The Brown 26
61168,27,-0.02949756478693536,0.024894950620965667,-0.174111427493847,-0.03859906167122851,-0.23039519244778367,-0.004960003365936388,-0.020027118752221972,-0.0016232852910269006,-0.0028683440347016514,0.00555522642770829,The Man in the Brown Suit,Agatha Christie,1924,pg61168.txt,Agatha Christie: The Man In The Brown,Agatha Christie: The Man In The Brown 27
61168,28,-0.04354091560663584,0.030767049498614286,-0.23912229009303343,-0.0562409721989987,-0.38459771678667876,0.0012729292461978955,-0.06440458126826464,0.019591896276210073,-0.0021501377936391677,0.009717791582890501,The Man in the Brown Suit,Agatha Christie,1924,pg61168.txt,Agatha Christie: The Man In The Brown,Agatha Christie: The Man In The Brown 28
61168,29,-0.03642898476805357,0.026168720666071208,-0.21207301703038062,-0.04952006675842374,-0.32566912314267144,0.012691569573514968,-0.05141529595454658,0.008094337428897785,0.0065417227959516456,-0.009388613017082397,The Man in the Brown Suit,Agatha Christie,1924,pg61168.txt,Agatha Christie: The Man In The Brown,Agatha Christie: The Man In The Brown 29
61168,30,-0.04281369144679565,0.026939755344535566,-0.18331543430049238,-0.04601515112750884,-0.27575626558947314,0.003957007409773088,-0.02788559153096959,0.023720278722552363,-0.012057278029636959,0.004083494484988163,The Man in the Brown Suit,Agatha Christie,1924,pg61168.txt,Agatha Christie: The Man In The Brown,Agatha Christie: The Man In The Brown 30
61168,31,-0.05416220742443329,0.03439195015054284,-0.2844059137953083,-0.07190869532408899,-0.524014978550226,0.010224731374721751,-0.10796775451857127,0.040714797591927,0.006359738856730388,0.007443800873105507,The Man in the Brown Suit,Agatha Christie,1924,pg61168.txt,Agatha Christie: The Man In The Brown,Agatha Christie: The Man In The Brown 31
61168,32,-0.04957771202018,0.028645125535287804,-0.2613870809837791,-0.059828511630981115,-0.4405937869614682,0.008823185916267637,-0.08768613450380963,0.030618729838108216,0.011211034859671107,-0.0008614172735362623,The Man in the Brown Suit,Agatha Christie,1924,pg61168.txt,Agatha Christie: The Man In The Brown,Agatha Christie: The Man In The Brown 32
61168,33,-0.0544189579891467,0.025177182349079962,-0.2544129339171056,-0.056469913709934955,-0.436722513320483,0.01172207934254575,-0.07786392527289714,0.023308212180805643,0.00661548049938456,0.007408103311922876,The Man in the Brown Suit,Agatha Christie,1924,pg61168.txt,Agatha Christie: The Man In The Brown,Agatha Christie: The Man In The Brown 33
61168,34,-0.054312316242455125,0.03406801357715785,-0.27280129093768724,-0.06608049866368979,-0.47098023291601027,0.010454905899559138,-0.09490084278963669,0.03668690393735946,0.0027602821443003037,0.008962300446313106,The Man in the Brown Suit,Agatha Christie,1924,pg61168.txt,Agatha Christie: The Man In The Brown,Agatha Christie: The Man In The Brown 34
61168,35,-0.040592929837676615,0.025220958774660948,-0.1986728825325143,-0.04392053755960282,-0.2888450960041675,0.009755109144868442,-0.03586037640171298,0.01411430117685399,-0.004756891281588446,-0.014088827291514106,The Man in the Brown Suit,Agatha Christie,1924,pg61168.txt,Agatha Christie: The Man In The Brown,Agatha Christie: The Man In The Brown 35
61168,36,-0.039906730230938874,0.027104556605307143,-0.20334138479886743,-0.053491692202398196,-0.3427260315706429,0.012080023280313075,-0.04289131685096088,0.02339146426031818,-0.010226763204448635,-0.012008051997565874,The Man in the Brown Suit,Agatha Christie,1924,pg61168.txt,Agatha Christie: The Man In The Brown,Agatha Christie: The Man In The Brown 36
61168,37,-0.04198645420916165,0.02871119360652147,-0.2078547778543795,-0.04952670212137066,-0.3235822974408705,0.001659603618806083,-0.04489927345377213,0.008375531413706854,0.0027309288519174915,-0.005971023045290033,The Man in the Brown Suit,Agatha Christie,1924,pg61168.txt,Agatha Christie: The Man In The Brown,Agatha Christie: The Man In The Brown 37
65238,1,-0.13501199300841024,0.3341935793390907,0.16017081473950756,0.014958005703286023,-0.018579289274851106,0.007228432734142514,-0.01831161454734286,0.01691012890942712,0.04379055296178566,0.020931255427170656,The Secret of Chimneys,Agatha Christie,1925,pg65238.txt,Agatha Christie: The Secret Of Chimne,Agatha Christie: The Secret Of Chimne 01
65238,2,-0.1342756959350849,0.3174690239428329,0.1578953934229203,0.017664022167437468,-0.012004268305278102,-0.0025174873794116264,-0.011583606169244786,0.011708418132541793,0.046506767221507934,0.0162708833669117,The Secret of Chimneys,Agatha Christie,1925,pg65238.txt,Agatha Christie: The Secret Of Chimne,Agatha Christie: The Secret Of Chimne 02
65238,3,-0.10013692540389199,0.2395136557291369,0.07430015659608512,0.004136357347998408,0.002607663111670094,-0.005357220854164603,0.023457608890685114,-0.007674040720603511,-0.044689067351747,-0.033361811371645754,The Secret of Chimneys,Agatha Christie,1925,pg65238.txt,Agatha Christie: The Secret Of Chimne,Agatha Christie: The Secret Of Chimne 03
65238,4,-0.08405858905029244,0.18078778660424047,0.05140824645852856,0.0013407191500341737,-0.0028748260399979264,-0.0003043380814797424,0.034770675575278125,-0.02086857966187011,-0.03608040479381085,-0.04183248603233741,The Secret of Chimneys,Agatha Christie,1925,pg65238.txt,Agatha Christie: The Secret Of Chimne,Agatha Christie: The Secret Of Chimne 04
65238,5,-0.18803573401556486,0.5159739774603778,0.27688347665766155,0.01804989633837806,-0.0012339122052178694,0.011362503275681016,-0.049033711658006275,0.02439514551170816,0.042365976380178076,0.029112482437147435,The Secret of Chimneys,Agatha Christie,1925,pg65238.txt,Agatha Christie: The Secret Of Chimne,Agatha Christie: The Secret Of Chimne 05
65238,6,-0.10027757399472174,0.2788608342058783,0.12105241167012479,0.0018486412765125926,-0.0007000386797870997,-0.0009161247553699714,0.021248399801449824,-0.01993386054026115,-0.028382182544058096,-0.04163704343616444,The Secret of Chimneys,Agatha Christie,1925,pg65238.txt,Agatha Christie: The Secret Of Chimne,Agatha Christie: The Secret Of Chimne 06
65238,7,-0.15425736929590733,0.40640183388065465,0.19720050933377967,0.01438043382950247,0.004801440530559152,0.002363245284953468,-0.03364105331100075,0.003664719902495542,0.03539328836671565,0.03338435791649267,The Secret of Chimneys,Agatha Christie,1925,pg65238.txt,Agatha Christie: The Secret Of Chimne,Agatha Christie: The Secret Of Chimne 07
65238,8,-0.05174933447419118,0.15736680000532854,0.05834161460365039,-0.0224243561713573,0.0006169517472906431,-0.009288324289663414,0.02658032919907216,-0.02277793808187067,-0.026460829924119,-0.020753560556108067,The Secret of Chimneys,Agatha Christie,1925,pg65238.txt,Agatha Christie: The Secret Of Chimne,Agatha Christie: The Secret Of Chimne 08
65238,9,-0.17458070965321043,0.47394929301426253,0.24525883057068948,0.01105911059398997,-0.0015978164729038241,0.004857800268004051,-0.0244636614003996,0.012423305269797675,0.009005112178084352,0.003298500278499051,The Secret of Chimneys,Agatha Christie,1925,pg65238.txt,Agatha Christie: The Secret Of Chimne,Agatha Christie: The Secret Of Chimne 09
65238,10,-0.07416752604829016,0.2127986563075569,0.058904368017053794,0.036950164904798986,0.014386982785231742,-0.012237250948850581,0.03884134531205778,-0.0334120296893779,-0.04501841415443328,-0.02181478151324369,The Secret of Chimneys,Agatha Christie,1925,pg65238.txt,Agatha Christie: The Secret Of Chimne,Agatha Christie: The Secret Of Chimne 10
65238,11,-0.13134606949261365,0.36942651409109273,0.16736883457848423,0.030610431975407696,-0.011118736436915194,-0.002489932895164481,0.002725312193627705,-0.010442674451511775,-0.03428451312233736,-0.017895141547350342,The Secret of Chimneys,Agatha Christie,1925,pg65238.txt,Agatha Christie: The Secret Of Chimne,Agatha Christie: The Secret Of Chimne 11
65238,12,-0.20776672799325666,0.5990392437102938,0.32789814231788067,0.03888499842689797,-0.005205388732432004,0.003389813868897167,-0.04972558013985279,0.013121741994363464,0.017539370796953193,0.016173898730595614,The Secret of Chimneys,Agatha Christie,1925,pg65238.txt,Agatha Christie: The Secret Of Chimne,Agatha Christie: The Secret Of Chimne 12
65238,13,-0.20289926229426863,0.5794506473692966,0.3171913384118993,0.026561032868783228,-0.003440895689350446,0.011479777094602813,-0.03216275049961901,0.0074668775140179664,-0.004483639777323331,-0.00816892499786037,The Secret of Chimneys,Agatha Christie,1925,pg65238.txt,Agatha Christie: The Secret Of Chimne,Agatha Christie: The Secret Of Chimne 13
65238,14,-0.13495308275142592,0.36743690751891966,0.17542307649215802,0.012712482670365028,-0.008805859405670358,0.0004953304496475073,-0.004919803143083446,-0.001461803983382424,-0.02183860731991588,-0.0032271340887814323,The Secret of Chimneys,Agatha Christie,1925,pg65238.txt,Agatha Christie: The Secret Of Chimne,Agatha Christie: The Secret Of Chimne 14
65238,15,-0.21871381957681332,0.6310745628753166,0.35191582318971387,0.024960076140889787,0.0019023963613859943,0.008332612822369313,-0.04853987809292519,0.01633902777628244,0.02133759228087033,0.00712526814048184,The Secret of Chimneys,Agatha Christie,1925,pg65238.txt,Agatha Christie: The Secret Of Chimne,Agatha Christie: The Secret Of Chimne 15
65238,16,-0.19879963809367018,0.568527036748219,0.31774760812055947,0.026907195985022437,-0.007070417887487487,0.01093652991454553,-0.04458098016357431,0.018959756638272086,0.012548574081009756,0.007971845336225648,The Secret of Chimneys,Agatha Christie,1925,pg65238.txt,Agatha Christie: The Secret Of Chimne,Agatha Christie: The Secret Of Chimne 16
65238,17,-0.10491424617621639,0.26462765933098953,0.10046463823271615,0.0016885290584550117,0.0012670809761308954,0.0006985147501189229,0.029777255100660763,-0.02405523695818945,-0.04675742098756365,-0.04429853623736912,The Secret of Chimneys,Agatha Christie,1925,pg65238.txt,Agatha Christie: The Secret Of Chimne,Agatha Christie: The Secret Of Chimne 17
65238,18,-0.2195202134671837,0.6314758396667134,0.35620731079113094,0.02526573444173739,-0.00746418147561533,0.00834010194794085,-0.05206358764380461,0.014454804791127433,0.004014172027650422,0.0026132575689265494,The Secret of Chimneys,Agatha Christie,1925,pg65238.txt,Agatha Christie: The Secret Of Chimne,Agatha Christie: The Secret Of Chimne 18
65238,19,-0.13624860759296042,0.43643364558397957,0.24677480116409525,-0.008016133784778627,-0.010252137671020959,-0.009870569284889346,-0.015151119391878666,-0.004302438451826334,-0.005501755980618897,-0.001949491480239554,The Secret of Chimneys,Agatha Christie,1925,pg65238.txt,Agatha Christie: The Secret Of Chimne,Agatha Christie: The Secret Of Chimne 19
65238,20,-0.20608963150824908,0.5780213831037404,0.31950851004068875,0.023216178296234114,-0.005697648793923042,0.01068857407368959,-0.054427991622826015,0.028819716007137786,0.030262497437638147,0.01875746640159518,The Secret of Chimneys,Agatha Christie,1925,pg65238.txt,Agatha Christie: The Secret Of Chimne,Agatha Christie: The Secret Of Chimne 20
65238,21,-0.14405485039663216,0.3985549896860468,0.1877902619603248,0.00450512638138128,-0.008682306238648269,-0.0002594059982085578,0.015456921639425003,-0.018648537835430263,-0.05077798311713503,-0.04567717438286152,The Secret of Chimneys,Agatha Christie,1925,pg65238.txt,Agatha Christie: The Secret Of Chimne,Agatha Christie: The Secret Of Chimne 21
65238,22,-0.2152221476724291,0.5972910788052362,0.3368148422594439,0.02464277908201058,-0.008110804242908758,0.00861048401924676,-0.04205744194253725,0.006238382038927469,-0.0069923797891257,-0.0033936627130399504,The Secret of Chimneys,Agatha Christie,1925,pg65238.txt,Agatha Christie: The Secret Of Chimne,Agatha Christie: The Secret Of Chimne 22
65238,23,-0.1972445732504759,0.5815860593523562,0.33345723116258214,0.012377944073585312,-0.005121622173892964,0.0011163231286697593,-0.04268207622453953,0.007047674314438935,0.002096510111274598,0.008396799359268983,The Secret of Chimneys,Agatha Christie,1925,pg65238.txt,Agatha Christie: The Secret Of Chimne,Agatha Christie: The Secret Of Chimne 23
65238,24,-0.18245714841018743,0.5015289652037316,0.2707250044025584,0.013683587441286426,-0.002140621077496305,0.00620588844695203,-0.031207479134874226,0.018028460276122725,0.013139381521979104,0.013209689187574836,The Secret of Chimneys,Agatha Christie,1925,pg65238.txt,Agatha Christie: The Secret Of Chimne,Agatha Christie: The Secret Of Chimne 24
65238,25,-0.152539882803908,0.45538552995636017,0.2521889714201989,-0.0021789972255897632,-0.002831339873242628,-0.0038093327715911537,0.0010786679440696833,-0.015024606717586425,-0.04444007267193383,-0.03343056818404898,The Secret of Chimneys,Agatha Christie,1925,pg65238.txt,Agatha Christie: The Secret Of Chimne,Agatha Christie: The Secret Of Chimne 25
65238,26,-0.17355767775191966,0.4817566018261064,0.2612597017439806,0.020597760037566873,-0.006271566932792081,0.007783800494269706,-0.036513450451987915,0.026947282041151772,0.03507823285368158,0.025065603276897254,The Secret of Chimneys,Agatha Christie,1925,pg65238.txt,Agatha Christie: The Secret Of Chimne,Agatha Christie: The Secret Of Chimne 26
65238,27,-0.1712236237986821,0.5005008219114647,0.2715017259858745,0.019676898314459908,-0.0018649122917578076,-0.0032709666015212444,-0.017832877018888353,0.000643380259322568,-0.0036256856368575923,-0.004995964359967659,The Secret of Chimneys,Agatha Christie,1925,pg65238.txt,Agatha Christie: The Secret Of Chimne,Agatha Christie: The Secret Of Chimne 27
65238,28,-0.12452003580290456,0.3737086432171835,0.19651728599665863,0.0035513832006664726,0.0004990491776490655,0.010202880304129941,-0.013284180454610222,0.009390412291952668,0.010721370159890425,0.0015199562271045392,The Secret of Chimneys,Agatha Christie,1925,pg65238.txt,Agatha Christie: The Secret Of Chimne,Agatha Christie: The Secret Of Chimne 28
65238,29,-0.19151604311514736,0.5399357429598498,0.29764982639636284,0.025734848112568008,-0.00862687198841532,0.0114604461035339,-0.0402439650854719,0.01957607033596222,0.014437416769068644,0.006406838251562326,The Secret of Chimneys,Agatha Christie,1925,pg65238.txt,Agatha Christie: The Secret Of Chimne,Agatha Christie: The Secret Of Chimne 29
65238,30,-0.19418543557107718,0.504647074777665,0.2786327539648457,0.02055723700605829,-0.016043399020804327,0.006573375207605655,-0.03625840893717903,0.024126123196260504,0.019804776704248683,0.006430071818799811,The Secret of Chimneys,Agatha Christie,1925,pg65238.txt,Agatha Christie: The Secret Of Chimne,Agatha Christie: The Secret Of Chimne 30
65238,31,-0.07521917059765572,0.1755776766559074,0.041903596784812876,0.0011900627553235246,0.001977875382923156,-0.005651501492752261,0.030962701587787408,-0.020719720439486288,-0.03269014524451961,-0.02196583907391747,The Secret of Chimneys,Agatha Christie,1925,pg65238.txt,Agatha Christie: The Secret Of Chimne,Agatha Christie: The Secret Of Chimne 31
69087,1,0.0494118312589659,-0.020836598862817524,-0.03177111887766739,0.2221067820441261,-0.022942306725919032,-0.06765133541840714,0.018247963005376226,0.006321998055051798,0.03338084030129175,-0.16130144831896437,The Murder of Roger Ackroyd,Agatha Christie,1926,pg69087.txt,Agatha Christie: The Murder Of Roger ,Agatha Christie: The Murder Of Roger  01
69087,2,0.1200680445305612,-0.038091020453125186,-0.020188672844357224,0.4433975095782977,-0.024106699453924064,-0.14406820997876235,0.02071142344291296,0.009525551301631482,0.02984827162058784,-0.21365817691631944,The Murder of Roger Ackroyd,Agatha Christie,1926,pg69087.txt,Agatha Christie: The Murder Of Roger ,Agatha Christie: The Murder Of Roger  02
69087,3,0.1245124855280093,-0.041382368185777646,-0.0035454471355045878,0.439614605884341,-0.03382122052238511,-0.15463625251491128,0.018634437051303018,0.012848739804150279,0.021295927204419054,-0.1938193092133129,The Murder of Roger Ackroyd,Agatha Christie,1926,pg69087.txt,Agatha Christie: The Murder Of Roger ,Agatha Christie: The Murder Of Roger  03
69087,4,0.16228148521511213,-0.04790499701224267,-0.0019485110598317448,0.5720163128643723,-0.029982068522802077,-0.19015060621354982,0.003835332300129611,0.018153254884495457,0.02185869705630034,-0.2233250166766347,The Murder of Roger Ackroyd,Agatha Christie,1926,pg69087.txt,Agatha Christie: The Murder Of Roger ,Agatha Christie: The Murder Of Roger  04
69087,5,0.15818624621078953,-0.05300040784952967,-0.0028142749580872236,0.5585770844645679,-0.02063315572814329,-0.19462450636704798,0.0002560642478543977,-0.002118036766639056,0.014496145544225786,-0.18016520577057088,The Murder of Roger Ackroyd,Agatha Christie,1926,pg69087.txt,Agatha Christie: The Murder Of Roger ,Agatha Christie: The Murder Of Roger  05
69087,6,0.1157219686184878,-0.03159039100037042,-0.015445327249096497,0.3599161187431196,-0.018377214548757258,-0.13859558826286422,0.02784376579254785,-0.03290878184173802,0.005576581163144345,-0.11260065096915249,The Murder of Roger Ackroyd,Agatha Christie,1926,pg69087.txt,Agatha Christie: The Murder Of Roger ,Agatha Christie: The Murder Of Roger  06
69087,7,0.31619177051005126,-0.10140244474957631,0.10686396173749567,0.49316018677069223,-0.05797850231582283,-0.13689827610321478,-0.039561604840139944,0.012324983391478079,0.000797365495414204,-0.028664734629939383,The Murder of Roger Ackroyd,Agatha Christie,1926,pg69087.txt,Agatha Christie: The Murder Of Roger ,Agatha Christie: The Murder Of Roger  07
69087,8,0.29411576968785047,-0.0899049247750783,0.09186332306761048,0.43261102019413417,-0.03762841688106377,-0.10476942787917759,-0.031796253570748646,-0.002152316211628159,-0.01261385256374784,0.03588243647911513,The Murder of Roger Ackroyd,Agatha Christie,1926,pg69087.txt,Agatha Christie: The Murder Of Roger ,Agatha Christie: The Murder Of Roger  08
69087,9,0.1861884610159384,-0.059804788042146166,0.05072139951097086,0.3304978066098519,-0.020149846556695616,-0.08782228719553374,-0.00756404815583929,0.0021033854576868877,-0.01068462831612493,-0.006704573367020803,The Murder of Roger Ackroyd,Agatha Christie,1926,pg69087.txt,Agatha Christie: The Murder Of Roger ,Agatha Christie: The Murder Of Roger  09
69087,10,0.24863841132490289,-0.09362972982172567,0.07179241529412618,0.5232333181105115,-0.03135293421832521,-0.13297869011103866,-0.014234921642821275,0.004653159026628358,0.018547583525862176,-0.08884156768317668,The Murder of Roger Ackroyd,Agatha Christie,1926,pg69087.txt,Agatha Christie: The Murder Of Roger ,Agatha Christie: The Murder Of Roger  10
69087,11,0.17795303874470583,-0.06583500830097609,0.053680863464312153,0.31526414957442744,-0.03545595658356982,-0.09124741034665822,-0.0031130093584115096,0.014392184856941987,0.03233568597053236,-0.09695775282318944,The Murder of Roger Ackroyd,Agatha Christie,1926,pg69087.txt,Agatha Christie: The Murder Of Roger ,Agatha Christie: The Murder Of Roger  11
69087,12,0.3448076009877507,-0.11693981051593622,0.13822320089142032,0.4818220313703759,-0.02918841061406151,-0.09756331471437761,-0.03249100533931834,0.01514640547175683,-0.00813270047798943,0.020174910353728,The Murder of Roger Ackroyd,Agatha Christie,1926,pg69087.txt,Agatha Christie: The Murder Of Roger ,Agatha Christie: The Murder Of Roger  12
69087,13,0.24456128022205434,-0.08124062612146694,0.07205050511352504,0.4544739535939751,-0.02275378407578495,-0.10966672464310141,-0.01741703996627006,0.02169079926106773,-0.00298459529502841,-0.03340848344649258,The Murder of Roger Ackroyd,Agatha Christie,1926,pg69087.txt,Agatha Christie: The Murder Of Roger ,Agatha Christie: The Murder Of Roger  13
69087,14,0.2260467720315091,-0.08065126367299007,0.060755933078916,0.46256758413618126,-0.029456924021755163,-0.13467374124464365,-0.013185995644388611,0.00783322127666297,0.027398504092665726,-0.1346242339559786,The Murder of Roger Ackroyd,Agatha Christie,1926,pg69087.txt,Agatha Christie: The Murder Of Roger ,Agatha Christie: The Murder Of Roger  14
69087,15,0.30257240549094455,-0.10538826830404818,0.11424063858876435,0.4526312477959222,-0.03623750925553134,-0.1063501062165712,-0.03225524207724091,0.0186485877919914,0.0018367029387767325,-0.023413642837274748,The Murder of Roger Ackroyd,Agatha Christie,1926,pg69087.txt,Agatha Christie: The Murder Of Roger ,Agatha Christie: The Murder Of Roger  15
69087,16,0.0654720166653752,-0.0326063801745284,-0.026522241399493805,0.2663173300834118,-0.05973669143246372,-0.09356880446887939,0.01620565373147193,0.0037227752796523206,0.02672640363184256,-0.1454740438226413,The Murder of Roger Ackroyd,Agatha Christie,1926,pg69087.txt,Agatha Christie: The Murder Of Roger ,Agatha Christie: The Murder Of Roger  16
69087,17,0.3038688189165315,-0.10875538945501141,0.1209002447504657,0.4053680810761385,-0.02319176235113985,-0.07214913486792872,-0.04149403233444409,0.01957611617232418,0.007397011416554268,0.04087746473107834,The Murder of Roger Ackroyd,Agatha Christie,1926,pg69087.txt,Agatha Christie: The Murder Of Roger ,Agatha Christie: The Murder Of Roger  17
69087,18,0.23313222686248838,-0.053417468674197235,0.1172946297008928,0.16288137618759393,0.0020891153527865408,0.03111967530492198,-0.03903465527234972,0.020133531554467662,-0.034187088693185354,0.23260898986678336,The Murder of Roger Ackroyd,Agatha Christie,1926,pg69087.txt,Agatha Christie: The Murder Of Roger ,Agatha Christie: The Murder Of Roger  18
69087,19,0.31240301207793086,-0.1093859976321343,0.11452041623247312,0.4771737745098619,-0.0192847084466806,-0.10330812371822165,-0.0339007023243704,0.012712704347273248,-0.011753558826000208,0.0421430475415497,The Murder of Roger Ackroyd,Agatha Christie,1926,pg69087.txt,Agatha Christie: The Murder Of Roger ,Agatha Christie: The Murder Of Roger  19
69087,20,0.30771574966209314,-0.10397082315415594,0.11144475939885538,0.32404966159149245,0.005793653216651679,-0.028304273860592997,-0.055934537134495324,0.029168348753847998,-0.012261278381744917,0.13815994885545957,The Murder of Roger Ackroyd,Agatha Christie,1926,pg69087.txt,Agatha Christie: The Murder Of Roger ,Agatha Christie: The Murder Of Roger  20
69087,21,0.26073395207925065,-0.1009135374637592,0.09100116764506556,0.4894018637447465,-0.0444873204073959,-0.138385869145091,-0.022236536246125597,0.028347978770513923,0.03442664905480522,-0.10382218223441153,The Murder of Roger Ackroyd,Agatha Christie,1926,pg69087.txt,Agatha Christie: The Murder Of Roger ,Agatha Christie: The Murder Of Roger  21
69087,22,0.1892098547857001,-0.06500368657102891,0.04345360363366758,0.43049640818795737,-0.03170560737818995,-0.12951089189140688,-0.004143274393520402,0.02645364778701123,0.00457982106577934,-0.08973794203638057,The Murder of Roger Ackroyd,Agatha Christie,1926,pg69087.txt,Agatha Christie: The Murder Of Roger ,Agatha Christie: The Murder Of Roger  22
69087,23,0.3493169598780567,-0.1193710281372587,0.13559733599018886,0.522289175413954,-0.026472972070907666,-0.10805959226744437,-0.04439603966081982,0.030140485205062875,-0.0069017409239487265,0.0305788578959998,The Murder of Roger Ackroyd,Agatha Christie,1926,pg69087.txt,Agatha Christie: The Murder Of Roger ,Agatha Christie: The Murder Of Roger  23
69087,24,0.2295104429192886,-0.07479056558267674,0.06786591783365943,0.31906062272057545,-0.005466848827448034,-0.04982813483483823,-0.0214833212798196,0.025460872565873836,-0.0117958262211199,0.06960090247741257,The Murder of Roger Ackroyd,Agatha Christie,1926,pg69087.txt,Agatha Christie: The Murder Of Roger ,Agatha Christie: The Murder Of Roger  24
69087,25,0.14949217433098494,-0.045807709944619086,0.015378005820534654,0.3293628416762011,-0.0077394902064202705,-0.10435493948271068,0.002371944517081639,-0.007044880566832811,-0.0017693728299976676,-0.05659280825333636,The Murder of Roger Ackroyd,Agatha Christie,1926,pg69087.txt,Agatha Christie: The Murder Of Roger ,Agatha Christie: The Murder Of Roger  25
69087,26,0.1841973749527886,-0.05954729230082965,0.029257538755541802,0.3568435032180251,-0.025254286183185388,-0.09462798047520579,-0.0004087373050558433,0.019242368403528935,0.004970941441006804,-0.0422736691793112,The Murder of Roger Ackroyd,Agatha Christie,1926,pg69087.txt,Agatha Christie: The Murder Of Roger ,Agatha Christie: The Murder Of Roger  26
69087,27,0.14553961930315906,-0.04317523318149516,0.023732806038362638,0.3027456114418802,-0.013256897490196711,-0.09299839729857101,0.008503745206093951,0.00036859043010582906,0.006917877649702772,-0.07050674370872603,The Murder of Roger Ackroyd,Agatha Christie,1926,pg69087.txt,Agatha Christie: The Murder Of Roger ,Agatha Christie: The Murder Of Roger  27
70114,1,0.24922193526778008,-0.08309190623331304,0.10134968000844011,-0.019325390452205812,-0.0029725765215177584,0.0964482050628928,-0.029292463860158515,-0.011212632521319262,-0.050805051591380504,0.3695923473107362,The Big Four,Agatha Christie,1927,pg70114.txt,Agatha Christie: The Big Four,Agatha Christie: The Big Four 01
70114,2,0.20566151150961076,-0.06919729068754434,0.08651078307672722,0.005669612373786359,0.010332010456756897,0.1158022620755394,-0.011986279778585598,-0.005108925319059017,-0.04535627933270991,0.34458624492275686,The Big Four,Agatha Christie,1927,pg70114.txt,Agatha Christie: The Big Four,Agatha Christie: The Big Four 02
70114,3,0.12027623717623402,-0.035614297871004015,0.016837497205827678,0.009987536407170892,0.02055400177325516,0.07155090362671664,0.009706784631635523,-0.022600538283379653,-0.05182009028917985,0.3115577097760323,The Big Four,Agatha Christie,1927,pg70114.txt,Agatha Christie: The Big Four,Agatha Christie: The Big Four 03
70114,4,0.13911311153477732,-0.03930505005096235,0.024659143414968988,0.02047291687057019,0.02497812161119637,0.06365290417440479,0.008550051166418472,-0.029411826825558346,-0.03957651887402609,0.25234847284781714,The Big Four,Agatha Christie,1927,pg70114.txt,Agatha Christie: The Big Four,Agatha Christie: The Big Four 04
70114,5,0.2091930387621591,-0.06413174076526934,0.08563095039121557,-0.019539715738236815,0.0046033548563138,0.0770131797896156,-0.004692173603145923,-0.014215523915526253,-0.04806240823186076,0.348035064030656,The Big Four,Agatha Christie,1927,pg70114.txt,Agatha Christie: The Big Four,Agatha Christie: The Big Four 05
70114,6,0.223039184753437,-0.0662207575653274,0.11507691867042646,-0.07209537892182619,-0.0059867529013632745,0.04673600243119067,-0.01755017439782123,-0.014860504469427523,-0.04420488655831713,0.29512145985823307,The Big Four,Agatha Christie,1927,pg70114.txt,Agatha Christie: The Big Four,Agatha Christie: The Big Four 06
70114,7,0.2942706526711298,-0.09069145307548904,0.156967240585053,-0.07009435544411492,-0.0009536872858745912,0.07125953593066667,-0.03281189566305711,-0.017317136516039243,-0.049659689865657566,0.3532029958737506,The Big Four,Agatha Christie,1927,pg70114.txt,Agatha Christie: The Big Four,Agatha Christie: The Big Four 07
70114,8,0.11132883464459845,-0.03290655611481063,0.025631745095862225,-0.0019325047306216199,0.003076602447422999,0.060317190280189704,0.005826190588151874,-0.012982841852123263,-0.038996589363197935,0.24686713795560858,The Big Four,Agatha Christie,1927,pg70114.txt,Agatha Christie: The Big Four,Agatha Christie: The Big Four 08
70114,9,0.10698096513776553,-0.034497425992494786,0.012727085754353202,0.0038055762388879808,0.012966991279445153,0.07206661100158643,0.012258651000270047,-0.016462500978462725,-0.03787074515660764,0.2511809358117781,The Big Four,Agatha Christie,1927,pg70114.txt,Agatha Christie: The Big Four,Agatha Christie: The Big Four 09
70114,10,0.14162927428665567,-0.0445084247333238,0.03967318588357856,0.015608939867957002,0.012037014682041066,0.10312294295589108,0.0027166772109571483,-0.00979747411959802,-0.04403771663178356,0.30060885126869635,The Big Four,Agatha Christie,1927,pg70114.txt,Agatha Christie: The Big Four,Agatha Christie: The Big Four 10
70114,11,0.1676465931015956,-0.05677547679727257,0.05878236127864462,0.010258896906492404,0.011914609175533022,0.08357415835937088,-0.008658368028652413,-0.004090981822559272,-0.03687573091704716,0.25077131360418936,The Big Four,Agatha Christie,1927,pg70114.txt,Agatha Christie: The Big Four,Agatha Christie: The Big Four 11
70114,12,0.1594297435743627,-0.05189112229239473,0.0536940079541408,-0.02810308206386531,0.006630865885567069,0.06826893181852083,0.002407221941790053,-0.007472408358369819,-0.05409462220076509,0.3404219303354852,The Big Four,Agatha Christie,1927,pg70114.txt,Agatha Christie: The Big Four,Agatha Christie: The Big Four 12
70114,13,0.19535219666738884,-0.06529567124165031,0.06481913064412716,-0.011028646359318968,0.012497276532112616,0.07847104802608973,-0.0062287588394709685,0.009590106822603764,-0.04591597535464225,0.32130966623845464,The Big Four,Agatha Christie,1927,pg70114.txt,Agatha Christie: The Big Four,Agatha Christie: The Big Four 13
70114,14,0.18049124682037224,-0.06908243084943412,0.07845974050140798,0.0017192127478971827,0.008404205916719667,0.09061510067605029,-0.00900047991726819,-0.010320392594654055,-0.034348967788503014,0.29675539812550583,The Big Four,Agatha Christie,1927,pg70114.txt,Agatha Christie: The Big Four,Agatha Christie: The Big Four 14
70114,15,0.2854455275732572,-0.09848204231553065,0.14488795529422058,-0.01970526987077136,0.0012595663506143634,0.07973655249590705,-0.035208262329040965,0.0003213904201963721,-0.041728424881187415,0.34972581600754804,The Big Four,Agatha Christie,1927,pg70114.txt,Agatha Christie: The Big Four,Agatha Christie: The Big Four 15
70114,16,0.1252688693550239,-0.03989279982808705,0.027193690344515454,-0.02418858203919458,0.007722581844506132,0.06498567594920783,0.00020575144551876208,-0.01737811094026449,-0.03901383948022275,0.3149303007462511,The Big Four,Agatha Christie,1927,pg70114.txt,Agatha Christie: The Big Four,Agatha Christie: The Big Four 16
70114,17,0.21632536648053388,-0.07029723875436483,0.08797593242802354,-0.02284187955663857,0.0007704547682914038,0.0961393637170254,-0.017722992745182374,-0.0038741686809361906,-0.05871849960590535,0.39454120741740395,The Big Four,Agatha Christie,1927,pg70114.txt,Agatha Christie: The Big Four,Agatha Christie: The Big Four 17
70114,18,0.18074340233767316,-0.05515438158451897,0.06906679401599483,-0.040297340775737156,-0.00036005605315543745,0.04800815704887116,-0.004325009750691735,-0.007421804258084194,-0.054462259150918096,0.3101613844399377,The Big Four,Agatha Christie,1927,pg70114.txt,Agatha Christie: The Big Four,Agatha Christie: The Big Four 18
