book_id,chap_id,anger,anticipation,disgust,fear,joy,sadness,surprise,trust,sentiment
244,1,0.00026511316776789656,0.00034033135963483843,0.00017290598450181026,0.0004287248981468111,0.00040222083432796756,0.00044023089506026837,0.00028331856769231624,0.0005265559504693828,0.0001568186266779051
244,2,0.00020222390980785537,0.00022405629073154356,0.00018170364050327462,0.00027563669058940386,0.00032413785911003046,0.00029068815034801696,0.00022443661539317663,0.0003799152801245943,6.473568872847124e-05
244,3,0.0002653491602854322,0.00021731499290560067,0.00026991772444706917,0.00035076863781892333,0.00022451981060896644,0.0003362506017411644,0.0002140765764107527,0.0002961546321105733,-0.00017609858207936577
244,4,0.0003504003464045,0.0002932902745545482,0.00031429401154677467,0.00043782913940640004,0.00031812109636146865,0.0003827826818414253,0.00022898780092568314,0.00027271147873748555,-0.00017818728626038433
244,5,0.00043416314824013663,0.00028684817108423746,0.0002466601908619107,0.0003620661774388491,0.00037501623517946953,0.0004558754969053277,0.00020282804809928029,0.00038612097517177487,-0.00018271142416126615
244,6,0.00037436097540347155,0.00022627368946781873,0.0002500508846403748,0.00038132709525868374,0.00022097137347610002,0.0003362345857932919,0.0001458954530647943,0.0002829587848633521,-0.0003015253326450105
244,7,0.0003943979600164273,0.00023312229642675607,0.00020319082016062275,0.0004308163523393788,0.00021604990667125455,0.00038624504856526364,0.00011724496336812122,0.00031675377087257955,-0.00017452962602818256
244,8,0.00033292233011292255,0.00036895274126107837,0.00024519512058688594,0.0005557590645791761,0.00035427711265634265,0.00047795335373769293,0.00020197638700707486,0.00038326855987915246,-0.0001631129608700736
244,9,0.0003864074076010237,0.0004647947241905364,0.00021123412225894998,0.0004547937069184864,0.0004918680912203653,0.0004113629893647229,0.0002975680570738763,0.0005625399057265984,0.0001357683619575661
244,10,0.0008317812276037574,0.0007480247787983465,0.0006806577649262042,0.0009561497959525937,0.00062005851170154,0.0007644470696192245,0.00034673980553182195,0.0009111087387178124,-0.0003647922782479057
244,11,0.00044808715830315493,0.0004252081595844762,0.0003013869111171,0.0006166538364835614,0.00028685908399726686,0.0003903682628738886,0.00017369641414405362,0.00040130387424779665,-0.00035314793019457675
244,12,0.000479788075878922,0.00039058462998224907,0.0003041200869712484,0.000571308021252844,0.00024322098705287926,0.0004693195700332251,0.0002376486587667704,0.0003574338932022994,-0.00044608950579179434
244,13,0.0003288767572877975,0.00016319743051989335,0.00024605123918406064,0.00036740024083748996,0.00016551698943792335,0.00031465165896509125,0.00012973216475972775,0.0002825052885907365,-0.00018410791860024977
244,14,0.000575193608221154,0.0004209650355052514,0.00059837267769041,0.000541503766175842,0.0003482014673865234,0.000549079430880615,0.0003110159360551704,0.0004285089675685544,-0.00035169893102508863
834,1,0.00017394610978625882,0.00013394705072691273,0.00011581583482711838,0.00020584948586210508,9.894185056217992e-05,0.00017324442727776379,7.402331065804445e-05,0.0002340834201121745,-5.970179302697813e-05
834,2,0.00015345732076876576,0.00010886990132883785,0.00010648267922718716,0.00020461975162083113,0.00011775780810229349,0.00015463242048258406,6.111210617976742e-05,0.00019271597579831597,-7.20160761397816e-05
834,3,0.0001800239344439981,0.00017307249940007378,0.00011861619390289196,0.0002011714042710033,0.0001593932443634117,0.0001579701701746346,7.986142012121025e-05,0.00017367354846316383,-6.031853303638358e-05
834,4,0.0001646899829181904,0.00017122807304577355,0.00011320967980137789,0.0001897011153563202,0.00019408782823347837,0.00017965909188137115,8.653584096288029e-05,0.0002644380720304548,6.14527603237928e-05
834,5,0.00018442741077602203,0.00013985494180398955,0.00014204296527244405,0.00022823409909711754,0.0001590994211564509,0.0001584375798332776,9.24440297677888e-05,0.00017281799993936207,-7.748115982935507e-05
834,6,0.00015575907796870218,0.00017632603995899177,9.04431739696509e-05,0.0001873776678998229,0.00015503262834635437,0.00016366089559991342,0.00010990912984946248,0.00021559624109817804,-1.1528729186559614e-07
834,7,0.00018154153627768555,0.00010410471100526616,0.0001316216826712952,0.00030327675939492016,0.0001303139241298152,0.00021926303020716105,0.0001303560902641354,0.00021818927224653202,-0.00011190117731676366
834,8,0.00022228020404454026,9.506422345013644e-05,0.00016777893726793898,0.0002662891709248212,8.803000289797206e-05,0.00020194137604745934,9.764497130482966e-05,0.0001857750053012242,-0.00018212869335262752
834,9,0.00015262229448589863,0.00019370438611960512,0.00013865246849861164,0.0002198589816008795,0.00011720407807747535,0.00019475349074317348,0.00010053529482484,0.00025723843668571956,6.952839677056746e-06
834,10,0.00019773218842407032,0.00011145212348990705,0.00014081974957866848,0.00026505178414836574,0.00014170419832667053,0.00020664313814047807,9.162170038972394e-05,0.00022533956618385226,-5.9826803756539995e-05
834,11,7.73531123688832e-05,8.343252864303895e-05,5.954130244375497e-05,0.00011511219773551997,7.513336902115885e-05,8.940682324508285e-05,5.1875506705765875e-05,0.00011836958489005878,-8.528378424231152e-06
863,1,0.00021842292086603728,0.0002727476846254852,0.0003310567598831024,0.0002800044333123846,0.0003813318223278627,0.00020339447075843074,0.00017305337926890887,0.0004048504733553722,3.5524635378837286e-05
863,2,0.00027805046814424116,0.00042526769477937537,0.00022205123580822746,0.0002996332412053725,0.0004717905469710097,0.0003786384871193706,0.0002241281136197862,0.0005651721907576057,0.00015322728642916164
863,3,0.00047149011564249897,0.0002863248564220427,0.0005375284771463062,0.0006903169894149265,0.00022776076058024579,0.0005447788399436857,0.00025655156413929473,0.00045615275380001213,-0.0007122052570338133
863,4,0.00022623636987904744,0.0001637607150272994,0.0001978183989870063,0.00022687963607760685,0.00017750900988628603,0.0002179786855127383,0.000104329769191136,0.00025605370512772716,-0.00011441234845316257
863,5,0.00017026678983045,0.00010308212197853491,0.0001861396726358177,0.00021164503782261898,0.00010111922318204612,0.00017748179176369785,7.312229150453534e-05,0.00014166994678049008,-0.0002246135292074957
863,6,0.00035115324958720923,0.00016255204030578966,0.0002372382803099148,0.00045490997789284166,0.00014081628352880077,0.0004278985232304472,0.000113031999497748,0.00029894710771208874,-0.00041708023814819177
863,7,0.00028890307235608274,0.0001471037736395909,0.00034537076616657274,0.00032275102661621815,0.00016024002331568727,0.00024832072887975544,0.00011309931517210365,0.00029615745383201913,-0.0002977858363029882
863,8,0.00019677924268473392,0.00015894420937975632,0.0002074251738759661,0.00027229492233297705,0.0001762048328608684,0.00022841475629078792,0.00010724187125818333,0.00025175903180740057,-6.585264336150804e-05
863,9,0.0003197002892300804,0.00021456003305203944,0.00037064421784987827,0.00040245246198383116,0.0002981731885297314,0.0003477496604641319,0.00015662480763637204,0.00026592654395484714,-0.0002727013625017403
863,10,0.00021692776603376903,0.0001723073476124587,0.0002226630872758458,0.00023739794964840064,0.0002185363096704974,0.0002439227669010168,0.00012151669939855098,0.00024070885624284967,-8.465790138622064e-05
863,11,0.00041412525371875005,0.00013447248635043167,0.0003200949947485194,0.000425731557818299,0.00014079441658744547,0.0003855501785884087,7.881211265645974e-05,0.00020494608918011952,-0.00040363964181761117
863,12,0.0004235820329525178,0.00020184707167803483,0.00031698962655068666,0.0005412213933494955,0.00016035581499390517,0.0004408218263877726,0.00019148564404849406,0.0002463823453079096,-0.00047515410291855555
863,13,0.0002757947472141415,0.00021917009179483367,0.0002790243540533556,0.0003479116892654761,0.00020025262957843788,0.00029201180566013236,9.402070452016254e-05,0.00020826963812715972,-0.0002610906428940572
1155,1,0.0010980399229076408,0.0015258834891299592,0.00013886399009301482,0.0015900291175470038,0.0004922868082298445,0.000942434430578863,0.0005909121163755111,0.0012653182462390852,-0.0013561132330536445
1155,2,0.0004451529642307302,0.0005208695583578621,0.0004003432541247905,0.0005443947449376138,0.0005860354849261965,0.00044976583810173274,0.00018319873014902672,0.0006115403988741819,-3.4471510080892234e-05
1155,3,0.00033251693951712473,0.00040897609093199096,0.00020565970002393708,0.0003023881041697843,0.00032757406351659776,0.00023278696435374268,0.0002619220316284708,0.0005151077716440775,-9.262042477811247e-06
1155,4,0.0008050725387223769,0.00024398093102775766,0.0003430410206483173,0.0005420611425165499,0.0003970503963084596,0.0004104823615262827,0.0002770649270184423,0.00048400347374925,-0.0006493721152609519
1155,5,0.00036096168436192664,0.00029270006274224,0.0002484692060699505,0.00048680300936807333,0.00024213169843234,0.0004946407358830639,0.00020471748343952955,0.0003965629952748886,-0.00017334044356590286
1155,6,0.00047459709400927703,0.0006409937080314635,0.00021651729443276756,0.0005954529470804406,0.00048621966290554185,0.0003535252352867716,0.00031567410971405544,0.0007673492802321175,8.494708258183784e-05
1155,7,0.0004349188763109952,0.0004862520402120016,0.00042376079685857584,0.0005246880270465226,0.00047543389136306126,0.0005561984862762258,0.0004264779149540887,0.0004982038716131919,-0.00012909140517314516
1155,8,0.0002714564299591941,0.0002909334711355277,0.0003355010496156427,0.0005692805266678529,0.0003004124807450821,0.00045294572574024704,0.0002627160843633247,0.0007199892719325026,2.3857068304230617e-05
1155,9,0.00039089582264147983,0.00030836119107364405,0.00035177286368484313,0.0005849684445443881,0.00023220194303454498,0.00025128560836745046,0.00018491028136729084,0.00042857770970641194,-6.620256625444313e-05
1155,10,0.0002236625384669232,0.0003004949736433608,0.00019790413441663678,0.0003967328989148048,0.00037288345029082645,0.0002486156801014392,0.000194295774325076,0.0005036374989740175,2.77785624298832e-05
1155,11,0.0004856255620571179,0.00038500971892028524,0.00037944330206747474,0.0005358647116610664,0.00040025587809788945,0.00038324500005746423,0.00015446655445014738,0.0004553412825357169,-0.00019643843770493263
1155,12,0.0003149695260613154,0.0003132502359557033,0.0002264825575332879,0.0003683541511582257,0.00036877608999139896,0.00028815343968903445,0.0002980134690254055,0.000543219688468833,0.0002772605720089996
1155,13,0.00027879913315345645,0.00020977185355916295,0.0002118839417625759,0.0003881428886897706,0.00019454771869600944,0.0002885070263192153,0.00014983177864962824,0.00023676225857270178,-0.00022329066584788116
1155,14,0.00044257746606892064,0.0002423199871123165,0.00033308735448571544,0.0004479978101985196,0.0002895534960559175,0.00036774317709828246,0.0002123690114267227,0.00042309932496567424,-0.00013663923905566597
1155,15,0.0006872820486929946,0.00039191110540143513,0.00032026934819402974,0.0007181406627280621,0.0003919042857635784,0.0006507286118362082,0.00031775420886555946,0.0007914807498387459,-0.0001798133796017419
1155,16,0.0004728744911409225,0.00033742638199515056,0.0005117142672667135,0.00044327974281110563,0.0003763054135675787,0.0005095891694046235,0.00022851107737466853,0.0006136787125071348,-0.00015932039751624606
1155,17,0.0004744465367341345,0.00036442141390520023,0.00036964186546702214,0.000492086440686592,0.0002751489349703896,0.0004189514133039752,0.00024694647120023297,0.0005182010071158754,-0.0002947948568012892
1155,18,0.00026420113952187646,0.0001713063565256847,0.0001408351215866141,0.0003354558325407682,0.00014862263984717177,0.0002489940656762977,0.00012531681834082294,0.0002350005291587159,-0.00016912693509601824
1155,19,0.0002890320155549903,0.0001904015574816306,0.0002350556907369418,0.00032363534078764513,0.00021921690089035596,0.0003106256864287257,0.00016813244678805673,0.0002780823921773418,-0.0001925568276158145
1155,20,0.00040857378305558773,0.00024329439526626603,0.00021898721860230327,0.00048342683100787044,0.00019382984842154387,0.0003384101182739,0.00020267182288723323,0.0003530391136390234,-0.0002914776701062627
1155,21,0.00039153574197648875,0.0005829090935219299,0.00030934573865123625,0.0005661030659074825,0.0006286140592309875,0.0004922384018371263,0.0004420452592268188,0.0006916060813145137,4.471373736938627e-05
1155,22,0.0005505938401088602,0.0005155362810477154,0.000564166554085759,0.0007381352898328615,0.0003868240505494731,0.0006477559220262628,0.0003202020277566167,0.0006641927524669525,-0.00036560164252724995
1155,23,0.0008250452318102615,0.00036449288991110174,0.000799588169548707,0.0006644834749564333,0.00039451172999129295,0.0004508428204593649,0.00022999345168291753,0.0005917261046111017,-0.0004415810290823894
1155,24,0.0005184924463778009,0.00038631279486872757,0.00024084441202176898,0.0006721228141896112,0.0005042794368828327,0.00045582995685464737,0.0003838948959505767,0.0008971402436628758,0.00035515719831958963
1155,25,0.0005509737461943744,0.00019653752009064296,0.00031733768590199417,0.0005834220612479827,0.0002249263658696992,0.0004563719453449991,0.00017388717753446446,0.0003381894520218827,-0.0005049756643776835
1155,26,0.0002706523222828962,0.00015126560184118646,0.00018935865870564522,0.000403116486815856,0.00010211317348718392,0.0002974362535692337,0.00011087111326233677,0.00019994376083256606,-0.0002729433790553479
1155,27,0.0006385091877851462,0.00035513283970472435,0.00039579115664288973,0.0008752779412076501,0.0002556558680503936,0.0006361974716298525,0.00039249210890046924,0.0003878931857340808,-0.0006819445624503218
1155,28,0.0002965231463949136,0.00031087065190946704,0.00025053490826599216,0.0004130920741366977,0.00030287211614280846,0.00030785216395850986,0.00015607771839967562,0.0004942441049463798,3.733497926764575e-05
1155,29,0.0006313957777796917,0.0014748616160111104,0.00016216300690718335,0.0009556178188028,0.0017892757398126791,0.001100808642398148,0.00106371733650955,0.0018121862165475084,0.001295565248861954
1661,1,0.00023446949731102177,0.0003202325875999145,0.00020856295783697583,0.0003016874641774113,0.00027572224677526385,0.00020362633640263548,0.0001127537900533371,0.0005920319013840372,0.00021581262214815018
1661,2,0.00018843910802151628,0.0003010115166170678,0.00014467258162755258,0.0003124313548814963,0.00027108990086755673,0.00024145497590685703,0.00012652470321157893,0.000357081601323579,5.349459272710264e-05
1661,3,7.229927833303705e-05,0.000101329159634142,6.46872196183605e-05,8.031140860184748e-05,0.00010834863984620746,8.137017367811697e-05,6.493595106933416e-05,0.00015887356098750994,2.4309477029971565e-05
1661,4,0.00016831731445435036,0.00010301726677270405,0.00011595957237588271,0.00019191688564145,9.978262942367133e-05,0.00014520338310249173,6.212911854634803e-05,0.0001517763455281082,-9.340343673519858e-05
1661,5,0.00019401707349654115,0.00015985835528260818,0.00011887310489895345,0.00022961343827747148,0.0001289023699132164,0.00016580578674376575,9.279214997003687e-05,0.00018117653632740413,-0.00011416292581358784
1661,6,0.00016566868732715106,0.0001039068155984784,0.00013984030906949712,0.0002218232233475464,0.00010255306656888729,0.0002209220808301694,7.380977432262983e-05,0.00016001680438723417,-0.00012479127021250766
1661,7,0.00016700251579059545,0.00015893187273960453,9.871681170278553e-05,0.0002121410437834901,0.00016560212129117696,0.00016801389139612437,0.00011180393584378388,0.0002251456656657022,-1.202902348089038e-05
1661,8,0.0001679177077988558,0.00012200959819304506,0.00012114252762125391,0.00020164894697722978,0.00012041594726186398,0.00015108708852704057,7.537516144853078e-05,0.00017075517163500555,-0.00010741623074616803
1661,9,0.000153762614956326,0.00011124770586854105,0.00010829902290730813,0.00021265062478491938,0.0001123315956427902,0.0001936112700971763,8.874947140565407e-05,0.00021530058579839344,-9.874273959449258e-05
1661,10,0.00010404086695910176,0.0001958349953816879,0.00012033971341097579,0.00014187520187175458,0.00022397876009185716,0.00017044169514131866,0.00010656885433695802,0.0003455416207038898,0.00014334999456237373
1661,11,0.00014104469993985467,0.00014068461096937646,0.00010755535781902354,0.00016569938901330483,0.00013949872583068372,0.00018717034694490243,8.344291520944118e-05,0.00018578429078774461,-5.403767803475783e-05
1661,12,0.00010928482663906715,0.0001759605561903406,0.00010151398710366606,0.0001934298509089758,0.00018782507330958784,0.00016463918994527525,8.660430343778855e-05,0.00016601599995227876,-1.3927071446803527e-05
2097,1,0.0002822567679195099,0.00039104707284763867,0.00026209842470911754,0.0003234956586524092,0.00032792844776142875,0.0003802309903080603,0.00016564043232149823,0.0005354219603298334,2.9358059109557763e-05
2097,2,0.0002685064581457987,0.0005322687128037631,0.00032437591728789214,0.0004300952914433684,0.0005788053876737157,0.0004145782177148723,0.00027857262864851436,0.0008669754587826236,0.00035781329119482754
2097,3,0.000491819155530276,0.0007393553885140326,0.00026786224142513916,0.0005353243162875684,0.0006289563628788576,0.0006330412555299772,0.00031880795986730435,0.0005549572729096119,-0.00015836570699807062
2097,4,0.0003356869830792885,0.0003642500476182688,0.00021666770115721094,0.00035591655807662545,0.00037344113803814576,0.0002650334067227188,0.00014609569997079728,0.00042462561976351637,-4.258724657721909e-05
2097,5,0.000272366720301698,0.0003014040642290854,0.000282241674270472,0.000553065237977108,0.0003648797776935224,0.000392059463817586,0.0001683714372504314,0.0004220258158781804,-0.0002519700217274846
2097,6,0.00027235632161856513,0.00024523448363112266,0.00030706256598358203,0.0003795958574477547,0.00021668570665991227,0.0003319904167540783,0.00013270666584344905,0.0004064011623206368,-0.00015138792839720474
2097,7,0.0002580136536162942,0.00030687122433492657,0.00021907235561169578,0.000256465365183341,0.00031447037460171707,0.0002271816538672337,0.00020018607965561127,0.00040545123531508434,-5.840265978652135e-05
2097,8,0.0003524022497604971,0.0003421702686592786,0.0002451816162486573,0.00042101566930288087,0.0002713384751556993,0.00023421297504885147,0.00016479717400527278,0.0003546763568128742,-3.5028799516645594e-05
2097,9,0.00022815585815210467,0.00033878136740049373,0.00019662406690331563,0.0003240216012271883,0.00021602039140171953,0.0002935292962558414,0.00017460967494933828,0.0003179705486902789,-0.00014421822205703985
2097,10,0.0004163791868400207,0.0005035997885612974,0.0003326478010219991,0.00044393419626081125,0.000254222574722869,0.00036301859134168964,0.0001492617758378621,0.00027296983650821813,-0.00019225005610744222
2097,11,0.0004180887475768435,0.0005959268003087924,0.0002584673459060707,0.0005150337056029924,0.0006030201195474337,0.0005006772485591391,0.0002369695443377359,0.0007012283188772641,7.856988070528912e-05
2097,12,0.0001525996347368303,0.0001344098916194312,0.00011041767173872992,0.00021683121875634972,0.00013022779342613538,0.00016863274666955197,5.809001699612122e-05,0.0002078576070123746,-5.391382988506876e-05
3070,1,0.00020173506710063557,0.0005084879267463389,0.00014588122861286,0.0005467731530513066,0.0005335077050623055,0.0004815251591486744,0.00026149458145204556,0.0009475195586433268,0.0005648306428985589
3070,2,0.00032503811222319156,0.0002776931983028506,0.00024435803095062793,0.00046197852082173376,0.00018851954358068294,0.0003691545304179007,0.00014288455126702728,0.0003792245803560336,-0.00017169914387226706
3070,3,0.0003169754360625398,0.00018330447526809074,0.00027035365266260927,0.0005694137929055314,0.00021676309920248796,0.00039213837150435277,0.00015088885601681758,0.00045402877909551015,-0.00014487813431033982
3070,4,0.0002572192338946442,0.00019620373188007683,0.00018427716598808842,0.0002594468954583739,0.0002290723300606529,0.00028873059151062754,0.00013472247246435002,0.0004808703850299978,6.334990774344783e-05
3070,5,0.0002467301834413572,0.00023461493294937052,0.00017815419343631872,0.00021550245101905805,0.00022224613894565446,0.00030060772087742057,0.00013285673699290178,0.0004190453643727241,5.99865437528643e-05
3070,6,0.00033332413949724434,0.00026528708769207486,0.00016075709912562183,0.00034249572692077326,0.00028431841451132905,0.0004028281863032028,0.00016350343422058541,0.0002525999010718213,-0.00019433605847751458
3070,7,0.00017887780126635833,0.00020614111877711948,0.0002273357298226268,0.00029803117734564585,0.00022449689928546052,0.00030822957054147803,0.0001600601974947171,0.00025109193814700935,-0.00010557561821947635
3070,8,0.00048036867504781095,0.00037149971412756385,0.0003488426453474084,0.0005254464134826856,0.00022808733081235125,0.0006208493099638479,0.00016653719090644118,0.00029705415134361596,-0.0004151830531882479
3070,9,0.00022119478569849498,0.00011888890993546242,0.000155955706502787,0.0002636341447042841,0.00010501882010691808,0.00024041147946718243,6.853734691470176e-05,0.00018180171433376872,-0.00019337011974649573
3070,10,0.0002845522489766576,0.00017127875815835077,0.000261867883758256,0.0003704583504229409,0.00020288643406065834,0.00048269687491603867,9.770243345419319e-05,0.0004029888724946235,-0.00012703463010687652
3070,11,0.00028955804355334104,0.00025714816912359166,0.00020656718458227915,0.0002617804362371494,0.00026542379617808997,0.0003042844487175018,0.00017082931939632856,0.0003348831075702852,-1.2214913129720141e-05
3070,12,0.00031436911959044085,0.0001861291980186487,0.00020182712360851656,0.00044886486007784585,0.0001873483447388022,0.0004334283567691392,0.000150570935462136,0.00025952197562058787,-0.0003075917742180265
3070,13,0.0002584094479295141,0.0002175300327338535,0.00013173179240550634,0.00036377345651408306,0.00020446625829583239,0.00029015066004464435,0.00014807957683016056,0.00039291775171985493,1.2326250160261274e-05
3070,14,0.0004033568420743047,0.00018271960526107774,0.00035677673141237956,0.0005889818136525358,0.0001583246705124988,0.0003844568957070358,0.0001768945803170602,0.0001791224640904222,-0.0006294609419068294
3070,15,0.0003623332687137141,0.0002227224054781997,0.0002913761648001924,0.0004307901357373239,0.00020214746338530296,0.0003456746650429093,0.0001326569873658834,0.0003510753646989693,-0.00021758648974776388
3289,1,0.00036421752021355866,0.00033422522720474136,0.0002201503593740985,0.0003864365076673301,0.0003489690431461962,0.00035108402461931726,0.0001592543522097857,0.000510067136617121,4.368677186018798e-06
3289,2,0.00030637301386228814,0.00031541328005236667,0.00028604869136664455,0.00034610998657615545,0.0003779976299545875,0.0003273288742532138,0.0002501921271109806,0.0006475466838156331,0.00017581290523101823
3289,3,0.0003537571908440679,0.00023807229449254594,0.0003121016406241007,0.0004421315403699172,0.00023881332399405415,0.00033549444272645894,0.00014167785188352357,0.0003240176806722101,-0.00016417601450107868
3289,4,0.00034565070337994,0.0003064030075130025,9.462810304187167e-05,0.00042755929202815837,0.000321634576868575,0.00022555602579883667,0.00019140013978533583,0.00040870619006085415,-0.0001114524763461225
3289,5,0.0003116964429672241,0.00020274022874327855,0.0001920666969382168,0.00043979738136153574,0.00025467551002053985,0.00028135050272572626,0.00020337153191666757,0.0003329119645924635,-0.00012118070128584481
3289,6,0.00025125429139448,0.00019351734230996478,0.00015120231426285111,0.0003328666213820461,0.0001876966075226781,0.00029032543120672725,0.00011304091961477202,0.000279838023912542,-0.00014318380619657967
3289,7,0.0001404079202840372,0.000224379967499718,0.00011983543024256337,0.0002343190562656151,0.00021290167203539962,0.0001989540528389151,0.00010977676317625001,0.0002836248825231962,4.4758429994056624e-05
3289,8,0.00036403314651017323,0.00022680372538918188,0.0003731697290626039,0.0004908510761221024,0.00029373939004799683,0.0005089016261899401,0.0001616586934966126,0.0004452146303308827,-0.00022231205116774174
3289,9,0.0003226222023339943,0.00013059914561377396,0.00023017358769269688,0.0002920182432417224,0.00021623967402692107,0.00022141013820313438,0.0001266966070500099,0.00024262808602946168,-0.0001216987491929451
3289,10,0.00025499567329212935,0.00017359056692797334,0.0001664529892740742,0.00029540193612326353,0.00022336599203439154,0.00022418400453991556,0.00012828636341527644,0.00039493199982258795,5.3357250215180895e-05
3289,11,0.0004886212123560352,0.00026326059725008784,0.0003107234983077257,0.0006331948594647082,0.00024334724626234595,0.00033675775167951825,0.00019895844288073513,0.0003610667017152115,-0.0001688410659601419
3289,12,0.0003094537045726617,0.00016919985861122712,0.00018595547880393085,0.00040998850880387286,0.00020278352827427553,0.00025020248467466546,0.00016791483574529786,0.0002892575024661862,-0.00014255453157075424
3289,13,0.0003317076660421509,0.00026622716310803675,0.00019252290285745802,0.0006098511009935152,0.00022953505107882425,0.00040072657821273215,0.00014503687763229304,0.0004986003502686403,-8.772734546549835e-06
3289,14,0.00037400146737186007,0.00019312912614617069,0.00019639550091059285,0.00043264812750364463,0.0001892627385511891,0.0002585859143319816,0.0001292447777112195,0.00028780050060602555,-0.000188745854459671
58866,1,0.0005080737505409706,0.0005994004265792494,0.0005534063392753366,0.0004702279625778329,0.0006922659635446848,0.0007129220259057612,0.00024608722841495294,0.0007399083924077682,6.796083720603056e-05
58866,2,0.00021903428255250963,0.0003765976413001657,0.00021633128883589558,0.0002766379872814837,0.00038619239230384126,0.00025872539323329035,0.00020101388558348794,0.0003698973159447598,0.00011508843381369607
58866,3,0.0003548333135496276,0.00027788757597315404,0.00019822264215398622,0.00048252424905715285,0.00029046325994011606,0.00036810368375251955,0.0002047857784771023,0.00043611616244067236,-0.00013944506891494943
58866,4,0.0005234262445425257,0.0002458435509973678,0.00030301332822070385,0.0005652444290570193,0.00044774526919060366,0.0005360618493706,0.00021112274263044727,0.0004129789848098153,-0.0002379371698773579
58866,5,0.00032404616946531356,0.0002822609889916912,0.0002657866231842728,0.0005435763160640049,0.0003369185289400271,0.000463269363231033,0.0002530849715690796,0.000280861060516264,-0.00025860134575481753
58866,6,0.0005660410984009853,0.0003430279451145659,0.0004646514201355918,0.0004580462947336787,0.00034449698735214787,0.00033035910615350326,0.0002993567420912856,0.0005467632885901806,-0.00020410726021903575
58866,7,0.0002953011121022869,0.00037783724548541895,0.00014202877731383197,0.00039406005074250244,0.00039109708218332555,0.0002526713471476459,0.00022095149452983534,0.00035268202121520174,-5.130583630313679e-05
58866,8,0.0003407822721001945,0.00033911935549196153,0.0003459512442529286,0.0004496022091658989,0.00032573186668724834,0.00036595048932347576,0.00019165264677793736,0.00036253060557104173,-0.0002509807180282934
58866,9,0.0005201998438890676,0.0004834082481736784,0.00025988821446875943,0.0004815064328893162,0.00036044825803972026,0.0004926716313942283,0.00035782534259655137,0.0006963807675865405,-1.599322366738107e-05
58866,10,0.000672505678922432,0.00046461308828730895,0.00030423407070376924,0.0009587756504429949,0.000658470332448123,0.0006196158338174424,0.00042480976239348846,0.0006009291714016987,-0.00019258936609502694
58866,11,0.00047642202566791804,0.0002550827685162782,0.00017720779897289173,0.0004784691366399737,0.00024756036100227746,0.0004669993938348346,0.00018530311372480602,0.00031815850467047444,-0.0003320698187586654
58866,12,0.00047416435460183564,0.0002515938184159499,0.00020104391872898737,0.0005134313452515851,0.00017828306881062116,0.0005765898309125264,0.00020994829531163957,0.0004619725073805844,-0.0003811986163183743
58866,13,0.00036874391774897284,0.00039039874966542427,0.00013055561586804466,0.00037989864101367767,0.0004525845998780893,0.00034208501673403495,0.0002326624932721699,0.000433547445848867,6.507982101050484e-06
58866,14,0.0006789275794243472,0.00023782778268456248,0.0005333159430895,0.0008155946972571625,0.00016242217875504723,0.0005529897422511902,0.00019328071325506113,0.0002834927204992722,-0.000827274858171332
58866,15,0.0005457095527192209,0.00026392772003118464,0.0002926157677154314,0.0006268787166806303,0.00038789058496131257,0.0005471780115209419,0.00034711026801003813,0.0003243793260447265,-0.00029035156963118277
58866,16,0.0007580829336593377,0.0006650899881881961,0.0004323533656437881,0.0008737258602738752,0.0005961806180661475,0.0006656885832578446,0.0003534387636442168,0.0008071103390559257,-5.965988958765345e-05
58866,17,0.0007489472185415092,0.00043093855317303154,0.00035158990495571445,0.0006799875249633356,0.00037258443385743156,0.00048002871384365527,0.0003093589632942184,0.0006443074689395855,-0.00019208654830347237
58866,18,0.00038690411515731265,0.0003627716097710183,0.0005961937512494,0.000558853614159045,0.00036012493579631123,0.0005624050217425563,0.0002829011918220465,0.0004373524799202817,-0.0004732320853518451
58866,19,0.0008603889803522284,0.000456378228053455,0.000489336901576642,0.0006053306080269074,0.0004055884918210242,0.0007327012731704951,0.0002871456397304822,0.0007583557606749785,-0.0006869721339572957
58866,20,0.0003675453464035457,0.00042764215483343535,0.00022928903998875775,0.00047954600839215,0.00038399044537167326,0.0002763350774256802,0.00017150788161013016,0.0005065611567798095,-3.372314789575777e-05
58866,21,0.0004257436423626227,0.00030898032960385244,0.00037670382581628454,0.0006443151785019536,0.00027956626611262063,0.00045805427539126546,0.00018222457551491975,0.0005716151401220251,-0.0001418132233003148
58866,22,0.00028018566499180957,0.00023936845400833828,0.00016978496251967304,0.0003434131880742452,0.00032449859617281565,0.0003632998181446009,0.00016094851826559567,0.0002690834782312609,-0.00017874549964114002
58866,23,0.0008336832453697218,0.0006708616220437402,0.0005841134184360874,0.0010594756804977103,0.0005448937727010909,0.0008617606669413677,0.0002277010445952138,0.0007467967445283069,-0.0004852166263315597
58866,24,0.0006490995129090978,0.00029212451110733554,0.0003969562265087544,0.0006914142661200812,0.00040783778839919557,0.000674010411486599,0.00015769499309086667,0.0005083894936827779,-0.00041119847786368
58866,25,0.0010247925620972755,0.0004119286064398053,0.0007587333464327842,0.0013301863566514633,0.0004780897669141228,0.0014264146826954947,0.0002659804645526526,0.0011766020423298878,-0.0011877065373875827
58866,26,0.0008321140251345094,0.0005174812022965428,0.0006874614384273434,0.0013887898448316774,0.000425323049560056,0.0007728835800155774,0.0004089837821476428,0.0002747963714724616,-0.0011903206799908383
58866,27,0.0003260595422360387,0.0002647202218326489,0.00022867461763885767,0.000489994345652151,0.0002704655241834372,0.00048090134074285325,0.00015829712263281095,0.00028027374379140297,-0.00036708339347022264
58866,28,0.0003391951945621242,0.00037065748063273184,0.00022413515144899192,0.00046984830432415884,0.00035130686765555283,0.00035537877663936696,0.00018719167509536976,0.0004792901455585198,-6.564831013309795e-05
61168,1,0.0005023727011582405,0.000511001670628181,0.00034081062045671084,0.0005881961949258811,0.0009132912142244055,0.0004856025131380783,0.00043235651165664864,0.0010499920305851664,0.0005216826624485878
61168,2,0.0006042875440560552,0.0008463429168769334,0.0005358058259494712,0.0007815996565106988,0.000790826142015377,0.0007843934581065172,0.0004171214657798885,0.0008473147393627345,-0.00010533569420934366
61168,3,0.00038378683995937533,0.0007102363906094428,0.00031985261383681035,0.0008488720671026364,0.0006555022522248935,0.0008081827995622455,0.00033790756701517014,0.000758531929057226,-3.4297117637509096e-05
61168,4,0.0005751345292402826,0.000423895993456296,0.0005526943478750347,0.0006516112402047801,0.0003753889952891547,0.0008870849050162867,0.00023248130121890403,0.0005728884333270613,-0.0007729165784471466
61168,5,0.0004380041225390491,0.0004220812563933527,0.00013608298179853092,0.0007032634490946546,0.0002078584762628291,0.0007737037837761218,0.0002027538178846327,0.0006819496311858563,-5.5432889687561836e-05
61168,6,0.0007039513757306364,0.0004322264624106514,0.001117943930161915,0.0005017700648014485,0.000574927541668506,0.0006051562740474909,0.0006105466609796635,0.0017123007667446512,-2.6612295014306192e-05
61168,7,0.00048534555591789997,0.0004612088108951267,0.0005152214713955814,0.0006571105778112267,0.0005335326434028373,0.00046108514318496976,0.0002901345410461058,0.0005471017223362105,-0.00018009689656386046
61168,8,0.0005951414785827851,0.000430959318768916,0.0007691488604423426,0.0005583389803021148,0.00027381332893723084,0.0007585507153215185,0.00016790355377213086,0.0005536719233042937,-0.0005091929676046765
61168,9,0.00041728873333229623,0.00043714789049510374,0.0001988063884467475,0.0006169475327933375,0.0006027517147241488,0.00034118898200578623,0.00019535887062927375,0.000793670709622345,0.00012732319448247623
61168,10,0.0003147999823446659,0.0003135464159751341,0.00027887625155741005,0.00028378119383930055,0.0003574936110844636,0.0002961890858906641,0.00017822343403524883,0.000488631182744269,2.6881142013336646e-05
61168,11,0.0011386718344798185,0.0003718018445596457,0.0005777640261775971,0.0011357811415049785,0.0002942960513953486,0.0009464886866841501,0.0002723986415229214,0.0005086440946971301,-0.0012684605835728113
61168,12,0.0003773619107449172,0.000435360915746101,0.00039860759462320575,0.00037259423967237815,0.000545838617099909,0.00032244719253221495,0.0002700550988834539,0.0008347089476922838,0.0003806933560192837
61168,13,0.0007752947833852966,0.0004731979654092568,0.0005160145296857102,0.000874121826955834,0.0006161719171135193,0.0008241964276544569,0.00026911225279949657,0.0007175575997688329,-0.0003144940477817841
61168,14,0.000657046826361544,0.0003749159053492167,0.0003882763267795203,0.0010370614760506988,0.0006193886954019512,0.0005155360836876023,0.0003746739220385512,0.00059282767938325,0.0001162123537717643
61168,15,0.0003617197186874362,0.0003993255448629262,0.00025358577305419126,0.00042759578080619624,0.0005519666334873525,0.00053873317847327,0.00036419910584826,0.000570220090742055,8.102783643030499e-05
61168,16,0.000704384821548075,0.0005094159448471029,0.0004125183497740809,0.0008151318318675206,0.0004036231949338764,0.000736332752035178,0.0004275850024559544,0.0006881132247392896,-0.00032271942651324997
61168,17,0.0004350914304649104,0.00033585487575625605,0.0002576718981724802,0.0005237421342177836,0.0002855125174100698,0.00048188361838475606,0.00019977293551999396,0.0004182147399284336,-0.00018060437382033193
61168,18,0.000787946864725958,0.00045528856532642416,0.0007803147636448323,0.0010540567305241516,0.0003293365896079597,0.0006993605882742565,0.00019943760290931935,0.0006759899638163258,-0.0006898095853807211
61168,19,0.0002969913510518745,0.0006150267513015078,0.00018775400971555097,0.0003801769815411598,0.0006565771873347599,0.0002456501752991755,0.0003869121069023049,0.0005639334712461687,0.00016439443119564999
61168,20,0.00028658987948899657,0.000377386590497512,0.00036219641178211493,0.0006159698851347966,0.0003182592480175936,0.0003246849965988586,0.00011176067350579242,0.0005028725915063856,-0.00024354985999320417
61168,21,0.00027517972555271547,0.0002729950883106966,0.00023370247333012365,0.00044501322970928,0.00030067033799849845,0.00034350134233749,0.000144001048251323,0.0004478307513537175,-1.229797328854792e-05
61168,22,0.00044024089102985293,0.00048089732009581177,0.0002210119568817353,0.0006840520460074224,0.00038724586994345764,0.0004595130839575459,0.0002994213842764306,0.0008798112473393235,0.0001926839474707894
61168,23,0.0005721044198913901,0.0004818642079256803,0.000655383211578095,0.0008929463479680377,0.000590565702401277,0.0005233332997794066,0.0002723231925594262,0.0008054291250473869,0.00011722103906260328
61168,24,0.0007812286161977724,0.0007015739469584106,0.00033996543498485924,0.0008138219046801828,0.0007797603298461092,0.0004179274521592737,0.00046954604990184074,0.0011360100031434107,0.00025633042026242624
61168,25,0.0003196676350630269,0.0003123261350149378,0.0002538886171685403,0.0004480710649237267,0.0003741007505824756,0.00040888045689275695,0.00013675715123427312,0.0005360455771598631,9.561444761073211e-05
61168,26,0.0006350513204554323,0.00024395438020941306,0.00033537193854955155,0.0005434748300298446,0.0002380883410128531,0.0006923756674174892,0.00021839025053747767,0.00032191685596636387,-0.00062446150400223
61168,27,0.0004823805141142173,0.0002274410622009952,0.0003033442020166802,0.0005070232060011091,0.00020936179268683984,0.00043989834384573225,0.00022873616757849104,0.0003056215949098191,-0.00032435648407104864
61168,28,0.0009225382625944881,0.0005286803886788746,0.00018035934858330708,0.0007990911245238071,0.0004373690079061511,0.0008705524222211023,0.00026052516600588753,0.0007322258984683864,-0.00019852195465121827
61168,29,0.0007782527300663687,0.0004909160225605044,0.0003968147536988015,0.0008064459217350701,0.0003430558178837597,0.000662483159130303,0.00023500369866848357,0.0006336632457330016,-0.0005551577218016044
61168,30,0.0004990956719110133,0.00045781112240884985,0.00022370730290426937,0.0006306199331713664,0.00048538772118764773,0.0005315256793617184,0.00035634835653515593,0.0005950700703779151,8.844636870882464e-06
61168,31,0.0005868855134589,0.00045874242963400485,0.00047081664573223064,0.0005181499731360807,0.0003932395853841694,0.0007661229969388257,0.00029130529154946296,0.0005088819124645049,-0.0004466032115815791
61168,32,0.000472112552262774,0.0005666183809759881,0.00029757693919936804,0.0005329001664244321,0.0006067092536319021,0.00055857752684843,0.00022771712746032816,0.0008947381506057081,-0.0001094356776793699
61168,33,0.0003203375502326871,0.00023868851076566487,0.00019581259902510812,0.0003085779067800081,0.000277664890837973,0.00032656965598398585,0.00016461691769750135,0.0004358907987828169,7.298811786074662e-05
61168,34,0.0010024133680924987,0.00033552265307338394,0.00047868138691555375,0.0008332246863033337,0.00021079404946839397,0.0008728254843223,0.0003798200982475177,0.0005610884825918527,-0.0006725660787633173
61168,35,0.0017508748289231538,0.0011346983420732122,0.000280541327290392,0.00101130210522753,0.0008749321680832981,0.0015647428642840838,0.00046400420424540803,0.001208600411609828,-0.0006637217898303499
61168,36,0.0019968050832898272,0.0007101200353352276,0.0011003673951233228,0.0005571397239163069,0.0007254585990737708,0.001337417183294118,0.0005017598511225163,0.001082831792459546,-0.0006152196194024723
61168,37,0.0011589869214761715,0.0007746901297800245,0.0007480004863602387,0.0010268168046595756,0.001115492282623104,0.0009589813915256919,0.0005221343334057551,0.0012769466271407754,5.2731956977332604e-05
65238,1,0.0005157975549352514,0.0003278604608815895,0.00033879013101123425,0.00046701365377447044,0.0004419184753969724,0.00045858962695060387,0.0002383832235191124,0.0006915659671781229,2.8654486283166682e-05
65238,2,0.0004591187319320061,0.00029736870014360244,0.0003967842024103585,0.00043315834768134997,0.0004497847654803158,0.0003094853878597854,0.00016440193167004024,0.000594187593454733,0.0001597592330967134
65238,3,0.0005929623742268032,0.0004618587274429176,0.0006446417628426882,0.0006989568450140752,0.00046835300637898,0.000619335387358499,0.0002115292783686101,0.0009765252389883349,-0.00013803428221317808
65238,4,0.00048178748129895844,0.000551414548405,0.0003641657939318938,0.0007548261525007723,0.0015721463470226831,0.0006004603676322847,0.00039360739666776615,0.0011535258741339014,0.0009970725096842294
65238,5,0.0002499489423090159,0.00018976644311967348,0.00012967067886624016,0.00034474632829962956,0.0002956098060201917,0.0002956454231187667,0.00012663462548481136,0.00034238547186016743,-2.1096278672678797e-05
65238,6,0.0001604180938356079,0.00031617598149800876,0.00011199728526660528,0.0003337067560148018,0.00046014715452820615,0.000284899875367257,0.00018415685346397632,0.0003577355092609605,9.238110203079998e-05
65238,7,0.00037473987450479553,0.0004106156941302578,0.00023471364136152,0.00045554973943157,0.0002524570913574689,0.00034797503123425665,0.00020031138235919,0.0005011070532143867,0.00012585293451009222
65238,8,0.0005260462816768406,0.00023692479118293244,0.0004630267969327595,0.0006181200423596297,0.00035484065312207025,0.0004571258465898378,0.00028764675839226486,0.0004128492798609906,-0.00036433512601011486
65238,9,0.0003875864919197714,0.00042487063849782974,0.0002776451817042845,0.0005364337322771356,0.00039728192425394517,0.0003694679471432631,0.0002468520329293738,0.00040554321239256547,-9.189443522476668e-05
65238,10,0.00034396963664025864,0.00045856504384810096,0.000594429482611824,0.0003850307105046606,0.00040357058239976054,0.00031194879102536824,0.00022186538423911827,0.0008178612205133826,0.00022194591564781728
65238,11,0.0006211163764199465,0.0007183340543912671,0.0005499934086795172,0.0005876816337499017,0.0004137496561612431,0.00036899726623289313,0.0003052617105060603,0.0014341078502049345,0.00010005903024360523
65238,12,0.0006627797422876831,0.0002797270485982618,0.00021572794338715057,0.0004543371662561944,0.00016653684855578315,0.0003032238814316652,0.0001647671812319753,0.0004677286923696932,-0.00040556872812517753
65238,13,0.0009598206152060903,0.00045277176690391936,0.0006216658851481371,0.0005995111347552,0.0006635553893332097,0.0005883734285238743,0.00034873667384320003,0.0009878514382973146,-0.0003963141449088
65238,14,0.0009951019233074962,0.0002642808026266543,0.00033755538663396667,0.00036995216645768764,0.0003953012673780074,0.0003662187280606185,0.00020281199416904692,0.0006124716646955012,-0.0006318258955444654
65238,15,0.00032923793970018596,0.00024313764708855086,0.00030290797054910527,0.00033258712856734917,0.0002284077790285386,0.00028850800624199567,0.00019145245239295702,0.0004086675477640579,-0.0001810756218384281
65238,16,0.0004316763902083244,0.0002867882784992445,0.00014249241337844286,0.0002839872508595059,0.00031954570380610754,0.00020220937954985968,0.0003119509258703924,0.0004208437472814681,-0.00010688777387037731
65238,17,0.000544898266432711,0.00042324310383263597,0.00031984571607579797,0.000422864635694522,0.000387079116361851,0.00047221871210723597,0.000409625977609903,0.0005372385281896791,-8.5039316540936e-05
65238,18,0.0005367480215514187,0.0004205326374107444,0.0002929658847663504,0.0004822733517601654,0.00023944292803192385,0.0002524153968427542,0.0002132504239373743,0.0003642491558927491,-0.0004225859098209677
65238,19,0.00043136812414843736,0.0002874820445966374,0.00013377428969916415,0.0002992031682776145,0.0002864247700068099,0.0003009512351834504,0.00019329773374147179,0.0003852858194539267,-7.22611619879619e-06
65238,20,0.000948838455932038,0.0004115691079236803,0.00021231549763177463,0.0005093939408031154,0.0007511419341916901,0.00044591207153612817,0.00025310687657447887,0.0006840274518742493,-0.00012744400312109718
65238,21,0.00043001166851348036,0.00028657987320085464,0.0004923320822171485,0.00037734415483554743,0.0004126189657751578,0.0004370624938927949,0.00021137316190388247,0.0006281958408417391,-0.00010146950193218761
65238,22,0.0005031364972430082,0.00025103913903627364,0.00019985778462009,0.00028545219873768636,0.00032084949950623727,0.0002871905619401764,0.00010772108912938999,0.0004596371756165282,-6.284269826901637e-05
65238,23,0.0005818948466308965,0.0003005995884293874,0.0003384627461176414,0.0002162220300997517,0.00045965789955942644,0.0002347119197329276,0.00026654882149793215,0.0005422822887239598,-0.00021528339614208388
65238,24,0.0004091816201806539,0.000457611078258168,0.0003407588017613038,0.0005586437598611603,0.00064744357168785,0.0004480921535513693,0.0003181122134949949,0.0005703725795941512,0.00013252486204015255
65238,25,0.0004699972086995759,0.0002451060781283265,0.0002751526293757373,0.0002935347454903518,0.0003181529788921759,0.0003606242954949759,0.00016000297002700362,0.0006169608487962795,-0.0001418676132186313
65238,26,0.0008037272188675772,0.0003330673378296147,0.0004810722131257351,0.0006339807380689632,0.0004955615991163322,0.0004468395867166263,0.00030535807859453744,0.0010519682547623322,0.00035558603048949365
65238,27,0.0005446477050423733,0.0002471250716872419,0.0003357657052472838,0.0004648277809689609,0.00042597105965212566,0.00042713204668780005,0.00019555097104478474,0.0003882901144663181,-8.650635486213809e-05
65238,28,0.001005290938622051,0.0002797966164406079,0.00040159666225835487,0.0009433027972852961,0.0008882107095148608,0.0008355660031958491,0.0004355571927701392,0.0004797135729774176,-0.0002526446495790647
65238,29,0.0005394423119114939,0.0006531151456202409,0.0002816465283600015,0.0005983684653821984,0.0007598256941817758,0.00037340617002355,0.00024742406906684544,0.001016376076707812,0.0005786730144245636
65238,30,0.0007814358548195047,0.0005348917769041452,0.0004276321091416321,0.0004846351510260346,0.000682997142692937,0.0003220878782169916,0.0003279089521991512,0.0008672163805606868,3.3572657055678566e-05
65238,31,0.0007603108441889379,0.002495486328658652,0.000493577458936269,0.0006197586370836208,0.0023634396884339172,0.0006062605203863689,0.0016187815353426174,0.0020746239929684035,0.001872840058290276
69087,1,0.0008774782494054864,0.00045474931553293556,0.0008804009231591966,0.0009840876236531456,0.0005587393314722186,0.0011515601238199188,0.000293255734559378,0.0007655528468615492,-0.0007516648091920745
69087,2,0.0003578329632371187,0.00038046474076102523,0.000222956824746211,0.0005066982071179022,0.00045799765886473737,0.000658219409810989,0.00021989129292077143,0.0005201247647361604,3.4117815902905485e-05
69087,3,0.00024313037066307227,0.0004205678628889655,0.00021940416397439748,0.00026528236974312103,0.0003537382572046656,0.00021932573834992268,0.00014780434713137984,0.0005232974505246714,0.00027573434178101264
69087,4,0.00022717794035737537,0.0001834280607083797,0.0002271211284851183,0.00034727521278862735,0.0001841475241788924,0.000318530666619164,0.00012204139396275788,0.00023053724035006844,-0.00020397592009558426
69087,5,0.0003619822197688299,0.0002268577156537165,0.00018553302391627113,0.00039132054805890724,0.00017493077426758143,0.000340714271727464,0.00012655175312240927,0.0004646208603689577,-9.06089941074268e-05
69087,6,0.00036039589056069887,0.00033882905811378605,0.00013613291732231445,0.0006527646872936511,0.0003099176818968883,0.00033935153242300553,0.00027016988614074716,0.00046787570158820607,-0.00016928777413167059
69087,7,0.00013938629299162456,0.00017702855457028363,0.00011697741550729544,0.00028414601237712817,0.00024201809349426546,0.00024602322633598636,0.00012923109607520454,0.0004222868785602509,0.00011680622096808727
69087,8,0.00014110181148631809,0.0002052556711520518,0.00012088415989659518,0.0001758059927911675,0.00024911731128258313,0.00020948480830402169,6.54151653289759e-05,0.00042639522534603495,0.00017472639890040242
69087,9,0.0003971788178217511,0.00043309299484274886,0.00024794157604171336,0.00043469432307858446,0.0004910272045748722,0.0004419389030312389,0.00034099113483409003,0.0004121891333163334,4.945870380710002e-06
69087,10,0.0003332374200991105,0.00031341269648825065,0.00018386091856715527,0.0003099669692538965,0.00028092926913083043,0.00027861715797902634,0.0002469313814919919,0.0004134966186787693,3.6962398038378695e-05
69087,11,0.00044543274226376136,0.0004396305281271716,0.0005006086375913204,0.00040903815037332384,0.00042204178394175223,0.0005619502227162534,0.0003039229456260216,0.0006200443352877705,-0.00011651670371104773
69087,12,0.00036989724213023004,0.00033189056039752,0.00033188896845091887,0.0005656892085170778,0.00025492147308248445,0.0004222402065509444,0.00017869561368647667,0.00045125303232487995,-0.0003064873995898756
69087,13,0.0003578433283040836,0.0005011239437459533,0.00022668719379731196,0.000544750453897997,0.0005070487023982607,0.0003518497013679284,0.00029010957063270996,0.0007753840894138294,5.03816315548652e-05
69087,14,0.00037019623297567975,0.00019099787180272592,0.0002809988216156274,0.00048320958516023446,0.00010613354046207828,0.00041884770437523096,0.00021488025725708069,0.0003316044025261807,-0.00040425696965625863
69087,15,0.0003259289234421345,0.00038803756184465515,0.00025501372964818736,0.000452550133074708,0.000217853772904377,0.00038699604680458394,0.00029738363151837353,0.00037798819539156095,-9.711661487757012e-05
69087,16,0.00035463667093363837,0.00046831513474927214,0.0003400904712259163,0.0004540908476224407,0.0004649919667810465,0.00028614565094090585,0.00020647308272518024,0.0007513753374981024,1.914694448386282e-05
69087,17,0.00042162662541583547,0.00020958687882765246,0.00020256489501283971,0.0004424105259683494,0.00027364617030406594,0.00029409867068638416,0.00023715334947797516,0.0003421809448149539,-0.00015447926216849268
69087,18,0.0005882981376650192,0.0003957419858713822,0.0003972986157040346,0.000705008128691352,0.0006105198892135111,0.00037391808802557115,0.000461674408770988,0.0006167247799704784,8.943440440858988e-05
69087,19,0.0005612949432607198,0.000271498488596601,0.00036703399161726243,0.00031249808553068613,0.0003073674057613901,0.000405709796657599,0.00020540875870436832,0.00045020013158199106,-0.00017607687725588618
69087,20,0.0004018314623993309,0.0002866603014712777,0.00023726456968345777,0.00043079419079027114,0.00024396464522429004,0.00048584164585854637,0.00016615954317777048,0.0003555096150487138,-0.00014640475192481922
69087,21,0.0005405955945541194,0.0003845871268167033,0.0002805850326034398,0.0005666345193044054,0.00035464177847410435,0.0004951680745324366,0.00020963367876942473,0.0006283472917185548,3.0293376288377427e-05
69087,22,0.00047226261835282325,0.0003898258629090989,0.00032686933546816863,0.0005609445886246931,0.00048108300550641156,0.000520251740460043,0.0003241431846039349,0.000553776099592436,-0.00018013884433739304
69087,23,0.00011856011660008171,0.0003104836801819032,0.00013871017001887203,0.0002295380909907613,0.00020909207352692906,0.0002168794247349516,9.921284311108388e-05,0.0003303064163359785,-6.0027316115060214e-05
69087,24,0.0004908017823152574,0.000722731847251848,0.00021578039453021486,0.0006010316740625128,0.0007106678749338564,0.0004143484657347489,0.0004444649916381521,0.001139234677289531,0.0009078165378561947
69087,25,0.0006234757867750193,0.00040632153492657365,0.0002682796247538807,0.0008343804002621334,0.0002022528923768737,0.0006925404512075211,0.0002116833888193456,0.0004507547041198456,-0.0005165409147579228
69087,26,0.0007131961963479707,0.00044342519280005885,0.0004903395484314148,0.0008309204251726412,0.00044939659598483827,0.0008715262699311235,0.000626270193157797,0.000947667349339894,2.373528233038238e-05
69087,27,0.001008160772975582,0.0005819355758442757,0.000617372959288797,0.0010028452034226121,0.0005716448427387151,0.0007453528336734698,0.00043720161234116363,0.0009758463494401272,-0.0009806319950892606
70114,1,0.000231045467539828,0.00029004890162856694,0.000189891395330048,0.000358019330430706,0.0003557461519199959,0.000315161820656378,0.00017298551242164392,0.0004102364652147109,4.547305739116891e-05
70114,2,0.0006560784217441089,0.000514298048434521,0.000525240538903021,0.0011047976111562175,0.0003998291309536474,0.0004790461164589789,0.00034093976420067893,0.0003997548026029614,-0.0006763348630541842
70114,3,0.000342207482936946,0.00030946895205294166,0.000310653809773946,0.0005467078412475291,0.00023084750716878397,0.0003337757787540752,0.00013918867663467082,0.0003766699161038584,-0.0002907341714979482
70114,4,0.00048753080085624993,0.0005702440853502458,0.0003468694056153625,0.0005493290178373153,0.0005548268753939931,0.000434956184514743,0.00022307522853549724,0.0007254058378465736,5.6168064621477774e-05
70114,5,0.000575522340214528,0.00036292850745033196,0.00021360659114815864,0.0006179514023330867,0.000425922255891836,0.00039146988780342667,0.000245081441517184,0.00047939454112751596,-6.549803174409603e-05
70114,6,0.0003791510511310842,0.00032609835868845907,0.00039661193324435793,0.00046329936434235915,0.00039730984702782227,0.0003928672445354342,0.000325540894809267,0.0004973015373969407,-8.32995373279264e-05
70114,7,0.00030976911220055597,0.0002587002194709888,0.00023540445146003354,0.0003175644991834273,0.00036924566945241465,0.00032084353215996016,0.00020547570024924755,0.00038536092393316783,-2.057723522710629e-05
70114,8,0.0002779766247977725,0.00021631338623995133,0.00013210104696314228,0.0003474875830125678,0.00023672727818533788,0.0002756425472076315,0.00010356321967191308,0.0003106044260704651,-8.71917946259386e-05
70114,9,0.0004482751348732413,0.00035785933137506625,0.000432175803761025,0.0005613187439972478,0.00027507907583220647,0.0006213551314342294,0.0002538440552266782,0.00041562696843288146,-0.00025127164658179246
70114,10,0.0005004160107880763,0.000331892696688434,0.00039448261139904644,0.000625365810064902,0.000294517883435801,0.0005352952973934598,0.00019689607582102682,0.0003478661107850299,-0.00021683695779918866
70114,11,0.00023709288493941772,0.000193490165730945,0.00019263199316621392,0.0004298261275799551,0.0001888532071037665,0.00040630519075275824,0.00014033031070203675,0.0001965637797501279,-0.0002717623470228677
70114,12,0.00035489920692579355,0.00039181224268670104,0.00026608226964550536,0.00043670036923908597,0.00032613680419889355,0.0002615583893412129,0.00019100122683160325,0.0004922183313355452,-0.00011898563442812797
70114,13,0.0003527563513585477,0.00032150472832515693,0.0003942494461969551,0.0005339088536271147,0.00031918638439879264,0.00048709403055644494,0.00022029396701565965,0.0003768863451150991,-0.00028284502543101373
70114,14,0.0002573326905811338,0.0002325028778226381,0.0002199018189306561,0.0003575722054508283,0.00022326453510844316,0.000259040317434629,0.00019353718268927628,0.0003145692595914295,4.4464913617567355e-05
70114,15,0.00018700171370216769,0.00020528171795158986,0.0001535647440354805,0.00037049051513190123,0.00022427285084032278,0.0003169940165539921,0.0001849034834399874,0.00032382980060463926,-7.203360563055769e-05
70114,16,0.0002319324143793165,0.00021052635687251618,0.00014781996182089717,0.0004051365320300579,0.00020679455880451785,0.000300662614536983,0.00021810033239369,0.00036081085322205994,-0.0001974108874804935
70114,17,0.00023736363209815302,0.00028805484290163726,0.00016236082577268635,0.0003334104741377833,0.00036783735663309256,0.0003225276717655689,0.0002522202260583759,0.00041988618520438575,2.3475211733909233e-05
70114,18,0.0003610037390937631,0.00045020690075037585,0.00025421088306623775,0.00046995692244490616,0.00038948862912343635,0.0003922437161609711,0.0003370494737130039,0.0004682490156284478,-1.5779223812139045e-05
